CODIGO_UNIDADE;NOME_UNIDADE;DT_AUTORIZA_FUNCIONA_UNID;NOME_REGIAO_UNIDADE;SIGLA_UF_UNIDADE;NOME_MUNICIPIO_UNIDADE;NOME_MESORREGIAO_UNIDADE;NOME_MICRORREGIAO_UNIDADE
2879;INSTITUTO FEDERAL DA BAHIA - CAMPUS EUNÁPOLIS;07-01-2009;Nordeste;BA;Eunápolis;Sul Baiano;Porto Seguro
2948;INSTITUTO FEDERAL BAIANO - CAMPUS ITAPETINGA;07-01-2009;Nordeste;BA;Itapetinga;Centro Sul Baiano;Itapetinga
14328;INSTITUTO FEDERAL DO ACRE - CAMPUS SENA MADUREIRA;30-12-2008;Norte;AC;Sena Madureira;Vale do Acre;Sena Madureira
14547;INSTITUTO FEDERAL DE ALAGOAS - CAMPUS ARAPIRACA;06-07-2010;Nordeste;AL;Arapiraca;Agreste Alagoano;Arapiraca
32010;INSTITUTO FEDERAL DE ALAGOAS - CAMPUS CORURIPE;22-01-2014;Nordeste;AL;Coruripe;Leste Alagoano;São Miguel dos Campos
3820;UNIVERSIDADE FEDERAL DE ALAGOAS - ESCOLA TÉCNICA DE ARTES;06-11-2006;Nordeste;AL;Maceió;Leste Alagoano;Maceió
14550;INSTITUTO FEDERAL DE ALAGOAS - CAMPUS PIRANHAS;06-07-2010;Nordeste;AL;Piranhas;Sertão Alagoano;Alagoana do Sertão do São Francisco
31961;INSTITUTO FEDERAL DE GOIÁS - CAMPUS VALPARAÍSO DE GOIÁS;27-01-2014;Centro-Oeste;GO;Valparaíso de Goiás;Leste Goiano;Entorno de Brasília
42117;INSTITUTO FEDERAL DO MARANHÃO CAMPUS AVANÇADO CAROLINA;30-12-2013;Nordeste;MA;Carolina;Sul Maranhense;Porto Franco
42176;INSTITUTO FEDERAL DO MARANHÃO CAMPUS SÃO JOSÉ DE RIBAMAR;30-12-2013;Nordeste;MA;São José de Ribamar;Norte Maranhense;Aglomeração Urbana de São Luís
12973;UNIVERSIDADE FEDERAL DO MARANHÃO - COLÉGIO UNIVERSITÁRIO;20-05-1968;Nordeste;MA;São Luís;Norte Maranhense;Aglomeração Urbana de São Luís
2909;INSTITUTO FEDERAL DO MARANHÃO - CAMPUS SÃO LUÍS CENTRO HISTÓRICO;07-01-2009;Nordeste;MA;São Luís;Norte Maranhense;Aglomeração Urbana de São Luís
2859;INSTITUTO FEDERAL DA BAHIA - CAMPUS SALVADOR;07-01-2009;Nordeste;BA;Salvador;Metropolitana de Salvador;Salvador
20102;INSTITUTO FEDERAL DA BAHIA - CAMPUS SEABRA;29-12-2009;Nordeste;BA;Seabra;Centro Sul Baiano;Seabra
14225;INSTITUTO FEDERAL DO CEARÁ - CAMPUS CRATEÚS;30-03-2010;Nordeste;CE;Crateús;Sertões Cearenses;Sertão de Cratéus
42044;INSTITUTO FEDERAL DO CEARÁ CAMPUS AVANÇADO JAGUARUANA;31-12-2013;Nordeste;CE;Jaguaruana;Jaguaribe;Baixo Jaguaribe
3575;INSTITUTO FEDERAL DO CEARÁ - CAMPUS LIMOEIRO DO NORTE;29-12-2008;Nordeste;CE;Limoeiro do Norte;Jaguaribe;Baixo Jaguaribe
2895;INSTITUTO FEDERAL DO ESPÍRITO SANTO - CAMPUS ITAPINA;07-01-2009;Sudeste;ES;Colatina;Noroeste Espírito-santense;Colatina
20571;INSTITUTO FEDERAL DO ESPÍRITO SANTO - CAMPUS CENTRO SERRANO;30-12-2008;Sudeste;ES;Santa Maria de Jetibá;Central Espírito-santense;Santa Teresa
20427;INSTITUTO FEDERAL DE GOIÁS CAMPUS ÁGUAS LINDAS DE GOIÁS;28-12-2008;Centro-Oeste;GO;Águas Lindas de Goiás;Leste Goiano;Entorno de Brasília
20430;INSTITUTO FEDERAL DE GOIÁS - CAMPUS APARECIDA DE GOIÂNIA;28-12-2008;Centro-Oeste;GO;Aparecida de Goiânia;Centro Goiano;Goiânia
20417;INSTITUTO FEDERAL DE GOIÁS - CAMPUS CIDADE DE GOIÁS;29-12-2008;Centro-Oeste;GO;Goiás;Noroeste Goiano;Rio Vermelho
2958;INSTITUTO FEDERAL DO SUDESTE DE MINAS GERAIS - CAMPUS JUIZ DE FORA;07-01-2009;Sudeste;MG;Juiz de Fora;Zona da Mata;Juiz de Fora
3063;CENTRO FEDERAL DE EDUCAÇÃO TECNOLÓGICA DE MINAS GERAIS - UNED LEOPOLDINA;07-01-2009;Sudeste;MG;Leopoldina;Zona da Mata;Cataguases
20432;INSTITUTO FEDERAL DE MINAS GERAIS - CAMPUS OURO BRANCO;29-12-2008;Sudeste;MG;Ouro Branco;Metropolitana de Belo Horizonte;Conselheiro Lafaiete
14020;INSTITUTO FEDERAL DO SUL DE MINAS GERAIS - CAMPUS POÇOS DE CALDAS;30-12-2008;Sudeste;MG;Poços de Caldas;Sul/Sudoeste de Minas;Poços de Caldas
14021;INSTITUTO FEDERAL DO SUL DE MINAS GERAIS - CAMPUS POUSO ALEGRE;30-12-2008;Sudeste;MG;Pouso Alegre;Sul/Sudoeste de Minas;Pouso Alegre
12977;UNIVERSIDADE FEDERAL DE MINAS GERAIS - COLEGIO TÉCNICO DA UFMG;09-12-1971;Sudeste;MG;Belo Horizonte;Metropolitana de Belo Horizonte;Belo Horizonte
13395;INSTITUTO FEDERAL DO PARÁ - CAMPUS SANTARÉM;29-12-2008;Norte;PA;Santarém;Baixo Amazonas;Santarém
32034;INSTITUTO FEDERAL DA PARAÍBA CAMPUS AVANÇADO AREIA;31-01-2014;Nordeste;PB;Areia;Agreste Paraibano;Brejo Paraibano
32310;INSTITUTO FEDERAL DA PARAÍBA CAMPUS AVANÇADO CABEDELO CENTRO;22-01-2014;Nordeste;PB;Cabedelo;Mata Paraibana;João Pessoa
3584;INSTITUTO FEDERAL DA PARAÍBA - CAMPUS PATOS;07-01-2009;Nordeste;PB;Patos;Sertão Paraibano;Patos
13463;INSTITUTO FEDERAL DO SUDESTE DE MINAS GERAIS - CAMPUS SÃO JOÃO DEL REI;07-01-2009;Sudeste;MG;São João del Rei;Campo das Vertentes;São João Del Rei
32023;INSTITUTO FEDERAL DO SUL DE MINAS GERAIS - CAMPUS AVANÇADO TRÊS CORAÇÕES;22-01-2014;Sudeste;MG;Três Corações;Sul/Sudoeste de Minas;Varginha
12485;INSTITUTO FEDERAL DO MATO GROSSO DO SUL - CAMPUS CAMPO GRANDE;30-12-2008;Centro-Oeste;MS;Campo Grande;Centro Norte de Mato Grosso do Sul;Campo Grande
13893;INSTITUTO FEDERAL DO MATO GROSSO DO SUL - CAMPUS COXIM;08-07-2010;Centro-Oeste;MS;Coxim;Centro Norte de Mato Grosso do Sul;Alto Taquari
42563;INSTITUTO FEDERAL DO MATO GROSSO DO SUL CAMPUS JARDIM;30-12-2008;Centro-Oeste;MS;Jardim;Sudoeste de Mato Grosso do Sul;Bodoquena
20246;INSTITUTO FEDERAL DE MATO GROSSO - CAMPUS BARRA DO GARÇAS;07-01-2009;Centro-Oeste;MT;Barra do Garças;Nordeste Mato-grossense;Médio Araguaia
12979;UNIVERSIDADE FEDERAL DO PARÁ - ESCOLA DE TEATRO E DANÇA DA UFPA;28-12-1962;Norte;PA;Belém;Metropolitana de Belém;Belém
2917;INSTITUTO FEDERAL DO PARÁ - CAMPUS MARABÁ RURAL;07-01-2009;Norte;PA;Marabá;Sudeste Paraense;Marabá
3288;UNIVERSIDADE TECNOLÓGICA FEDERAL DO PARANÁ - CAMPUS CORNÉLIO PROCÓPIO;10-10-2005;Sul;PR;Cornélio Procópio;Norte Pioneiro Paranaense;Cornélio Procópio
23463;INSTITUTO FEDERAL DO PARANÁ CAMPUS JAGUARIAÍVA;18-06-2012;Sul;PR;Jaguariaíva;Centro Oriental Paranaense;Jaguariaíva
3257;INSTITUTO FEDERAL DO PARANÁ - CAMPUS PARANAGUÁ;06-01-2009;Sul;PR;Paranaguá;Metropolitana de Curitiba;Paranaguá
13804;INSTITUTO FEDERAL DO PARANÁ - CAMPUS PARANAVAÍ;07-01-2009;Sul;PR;Paranavaí;Noroeste Paranaense;Paranavaí
2862;INSTITUTO FEDERAL DE PERNAMBUCO - CAMPUS IPOJUCA;07-01-2009;Nordeste;PE;Ipojuca;Metropolitana de Recife;Suape
32362;INSTITUTO FEDERAL DE PERNAMBUCO - CAMPUS PALMARES;22-01-2014;Nordeste;PE;Palmares;Mata Pernambucana;Mata Meridional Pernambucana
12980;COLÉGIO TÉCNICO DE BOM JESUS;11-09-1981;Nordeste;PI;Bom Jesus;Sudoeste Piauiense;Alto Médio Gurguéia
13304;INSTITUTO FEDERAL DO PIAUÍ - CAMPUS URUÇUÍ;07-01-2009;Nordeste;PI;Uruçuí;Sudoeste Piauiense;Alto Parnaíba Piauiense
13681;INSTITUTO FEDERAL DO RIO GRANDE DO SUL - CAMPUS ERECHIM;30-12-2008;Sul;RS;Erechim;Noroeste Rio-grandense;Erechim
43190; INSTITUTO FEDERAL DE EDUCAÇÃO, CIÊNCIA E TECNOLOGIA FARROUPILHA - CÂMPUS FREDERICO WESTPHALEN;31-12-2014;Sul;RS;Frederico Westphalen;Noroeste Rio-grandense;Frederico Westphalen
14054;INSTITUTO FEDERAL DO RIO GRANDE DO SUL - CAMPUS OSÓRIO;29-12-2008;Sul;RS;Osório;Metropolitana de Porto Alegre;Osório
2931;INSTITUTO FEDERAL SUL-RIO-GRANDENSE - CAMPUS PASSO FUNDO;07-01-2009;Sul;RS;Passo Fundo;Noroeste Rio-grandense;Passo Fundo
13479;INSTITUTO FEDERAL FARROUPILHA - CAMPUS SÃO BORJA;07-01-2009;Sul;RS;São Borja;Sudoeste Rio-grandense;Campanha Ocidental
32052;INSTITUTO FEDERAL FLUMINENSE - CAMPUS AVANÇADO CAMBUCI;25-04-2013;Sudeste;RJ;Cambuci;Noroeste Fluminense;Santo Antônio de Pádua
3124;INSTITUTO FEDERAL DO RIO DE JANEIRO - CAMPUS DUQUE DE CAXIAS;29-12-2008;Sudeste;RJ;Duque de Caxias;Metropolitana do Rio de Janeiro;Rio de Janeiro
1705;COLÉGIO PEDRO II - CAMPUS TIJUCA II;17-11-2008;Sudeste;RJ;Rio de Janeiro;Metropolitana do Rio de Janeiro;Rio de Janeiro
32053;INSTITUTO FEDERAL FLUMINENSE - CAMPUS AVANÇADO SÃO JOÃO DA BARRA;25-04-2013;Sudeste;RJ;São João da Barra;Norte Fluminense;Campos dos Goytacazes
31313;INSTITUTO FEDERAL DO RIO GRANDE DO NORTE - CAMPUS CEARÁ-MIRIM;08-10-2013;Nordeste;RN;Ceará-Mirim;Leste Potiguar;Macaíba
2925;INSTITUTO FEDERAL DE RONDÔNIA - CAMPUS PORTO VELHO CALAMA;07-01-2009;Norte;RO;Porto Velho;Madeira-Guaporé;Porto Velho
13828;INSTITUTO FEDERAL SUL-RIO-GRANDENSE - CAMPUS CAMAQUÃ;07-01-2009;Sul;RS;Camaquã;Metropolitana de Porto Alegre;Camaquã
32013;INSTITUTO FEDERAL DE SERGIPE CAMPUS PROPRIÁ;22-01-2014;Nordeste;SE;Propriá;Leste Sergipano;Propriá
2816;INSTITUTO FEDERAL DE SÃO PAULO - CAMPUS CUBATÃO;29-12-2008;Sudeste;SP;Cubatão;Metropolitana de São Paulo;Santos
14356;INSTITUTO FEDERAL DE SÃO PAULO - CAMPUS HORTOLÂNDIA;03-12-2010;Sudeste;SP;Hortolândia;Campinas;Campinas
14260;INSTITUTO FEDERAL DE SANTA CATARINA - CAMPUS CAÇADOR;07-01-2009;Sul;SC;Caçador;Oeste Catarinense;Joaçaba
2829;INSTITUTO FEDERAL DE SANTA CATARINA - CAMPUS CHAPECÓ;07-01-2009;Sul;SC;Chapecó;Oeste Catarinense;Chapecó
14252;INSTITUTO FEDERAL DE SANTA CATARINA - CAMPUS ITAJAÍ;07-01-2009;Sul;SC;Itajaí;Vale do Itajaí;Itajaí
2825;INSTITUTO FEDERAL DE SANTA CATARINA - CAMPUS SÃO JOSÉ;07-01-2009;Sul;SC;São José;Grande Florianópolis;Florianópolis
14157;INSTITUTO FEDERAL DE SÃO PAULO CAMPUS MATÃO;23-04-2013;Sudeste;SP;Matão;Araraquara;Araraquara
3029;INSTITUTO FEDERAL DE SÃO PAULO - CAMPUS SÃO CARLOS;07-01-2009;Sudeste;SP;São Carlos;Araraquara;São Carlos
2819;INSTITUTO FEDERAL DE SÃO PAULO - CAMPUS SÃO JOÃO DA BOA VISTA;30-12-2008;Sudeste;SP;São João da Boa Vista;Campinas;São João da Boa Vista
2815;INSTITUTO FEDERAL DE SÃO PAULO - CAMPUS SÃO PAULO;30-12-2008;Sudeste;SP;São Paulo;Metropolitana de São Paulo;São Paulo
2850;INSTITUTO FEDERAL DE SÃO PAULO - CAMPUS SÃO ROQUE;30-12-2008;Sudeste;SP;São Roque;Macro Metropolitana Paulista;Sorocaba
32024;INSTITUTO FEDERAL DO TOCANTINS - CAMPUS AVANÇADO LAGOA DA CONFUSÃO;22-01-2014;Norte;TO;Lagoa da Confusão;Ocidental do Tocantins;Rio Formoso
32002;INSTITUTO FEDERAL DE ALAGOAS - CAMPUS VIÇOSA;22-01-2014;Nordeste;AL;Viçosa;Leste Alagoano;Serrana dos Quilombos
32456;INSTITUTO FEDERAL DO AMAZONAS - CAMPUS EIRUNEPÉ;22-01-2014;Norte;AM;Eirunepé;Sudoeste Amazonense;Juruá
14183;INSTITUTO FEDERAL DO AMAPÁ - CAMPUS MACAPÁ;06-12-2010;Norte;AP;Macapá;Sul do Amapá;Macapá
2882;INSTITUTO FEDERAL DA BAHIA - CAMPUS CAMAÇARI;07-01-2009;Nordeste;BA;Camaçari;Metropolitana de Salvador;Salvador
32035;INSTITUTO FEDERAL DA BAHIA CAMPUS EUCLIDES DA CUNHA;29-12-2008;Nordeste;BA;Euclides da Cunha;Nordeste Baiano;Euclides da Cunha
20103;INSTITUTO FEDERAL DA BAHIA - CAMPUS FEIRA DE SANTANA;29-12-2009;Nordeste;BA;Feira de Santana;Centro Norte Baiano;Feira de Santana
20100;INSTITUTO FEDERAL DA BAHIA - CAMPUS ILHÉUS;29-12-2009;Nordeste;BA;Ilhéus;Sul Baiano;Ilhéus-Itabuna
20098;INSTITUTO FEDERAL DA BAHIA - CAMPUS IRECÊ;29-12-2009;Nordeste;BA;Irecê;Centro Norte Baiano;Irecê
20409;INSTITUTO FEDERAL DO ACRE - CAMPUS XAPURI;29-12-2008;Norte;AC;Xapuri;Vale do Acre;Brasiléia
2854;INSTITUTO FEDERAL DE ALAGOAS - CAMPUS MACEIÓ;07-01-2009;Nordeste;AL;Maceió;Leste Alagoano;Maceió
14549;INSTITUTO FEDERAL DE ALAGOAS - CAMPUS MARAGOGI;06-07-2010;Nordeste;AL;Maragogi;Leste Alagoano;Litoral Norte Alagoano
2955;INSTITUTO FEDERAL GOIANO - CAMPUS MORRINHOS;07-01-2009;Centro-Oeste;GO;Morrinhos;Sul Goiano;Meia Ponte
23516;INSTITUTO FEDERAL DO MARANHÃO - CAMPUS COELHO NETO;30-12-2008;Nordeste;MA;Coelho Neto;Leste Maranhense;Coelho Neto
32040;INSTITUTO FEDERAL DA BAHIA CAMPUS SANTO ANTÔNIO DE JESUS;29-12-2008;Nordeste;BA;Santo Antônio de Jesus;Metropolitana de Salvador;Santo Antônio de Jesus
44279;INSTITUTO FEDERAL BAIANO CAMPUS XIQUE-XIQUE;10-05-2016;Nordeste;BA;Xique-Xique;Vale São-Franciscano da Bahia;Barra
44156;INSTITUTO FEDERAL DO CEARÁ - CAMPUS AVANÇADO PECÉM;30-12-2008;Nordeste;CE;Caucaia;Metropolitana de Fortaleza;Fortaleza
2984;INSTITUTO FEDERAL DO CEARÁ - CAMPUS FORTALEZA;07-01-2009;Nordeste;CE;Fortaleza;Metropolitana de Fortaleza;Fortaleza
3007;INSTITUTO FEDERAL DO CEARÁ - CAMPUS QUIXADÁ;07-01-2009;Nordeste;CE;Quixadá;Sertões Cearenses;Sertão de Quixeramobim
3571;INSTITUTO FEDERAL DO CEARÁ - CAMPUS SOBRAL;29-12-2008;Nordeste;CE;Sobral;Noroeste Cearense;Sobral
21892;INSTITUTO FEDERAL DE BRASILIA CAMPUS CEILÂNDIA;28-05-2012;Centro-Oeste;DF;Brasília;Distrito Federal;Brasília
22588;INSTITUTO FEDERAL DO ESPÍRITO SANTO - CAMPUS BARRA DE SÃO FRANCISCO;30-12-2008;Sudeste;ES;Barra de São Francisco;Noroeste Espírito-santense;Barra de São Francisco
2884;INSTITUTO FEDERAL DO ESPÍRITO SANTO - CAMPUS VITÓRIA;07-01-2009;Sudeste;ES;Vitória;Central Espírito-santense;Vitória
42123;INSTITUTO FEDERAL DE MINAS GERAIS - CAMPUS AVANÇADO PONTE NOVA;30-12-2013;Sudeste;MG;Ponte Nova;Zona da Mata;Ponte Nova
2913;INSTITUTO FEDERAL DO NORTE DE MINAS GERAIS - CAMPUS SALINAS;07-01-2009;Sudeste;MG;Salinas;Norte de Minas;Salinas
42070;INSTITUTO FEDERAL DO MARANHÃO CAMPUS VIANA;30-12-2013;Nordeste;MA;Viana;Norte Maranhense;Baixada Maranhense
14170;INSTITUTO FEDERAL DO NORTE DE MINAS GERAIS - CAMPUS ALMENARA;07-01-2009;Sudeste;MG;Almenara;Jequitinhonha;Almenara
3043;CENTRO FEDERAL DE EDUCAÇÃO TECNOLÓGICA DE MINAS GERAIS - UNED ARAXÁ;07-01-2009;Sudeste;MG;Araxá;Triângulo Mineiro/Alto Paranaíba;Araxá
2997;INSTITUTO FEDERAL DO SUL DE MINAS GERAIS - CAMPUS INCONFIDENTES;07-01-2009;Sudeste;MG;Inconfidentes;Sul/Sudoeste de Minas;Poços de Caldas
2808;INSTITUTO FEDERAL DA PARAÍBA - CAMPUS CAJAZEIRAS;07-01-2009;Nordeste;PB;Cajazeiras;Sertão Paraibano;Cajazeiras
32030;INSTITUTO FEDERAL DA PARAÍBA CAMPUS ITABAIANA;20-01-2014;Nordeste;PB;Itabaiana;Agreste Paraibano;Itabaiana
2960;INSTITUTO FEDERAL DO TRIÂNGULO MINEIRO - CAMPUS UBERABA;07-01-2009;Sudeste;MG;Uberaba;Triângulo Mineiro/Alto Paranaíba;Uberaba
2963;INSTITUTO FEDERAL DO TRIÂNGULO MINEIRO - CAMPUS UBERLÂNDIA;07-01-2009;Sudeste;MG;Uberlândia;Triângulo Mineiro/Alto Paranaíba;Uberlândia
2968;INSTITUTO FEDERAL DE MATO GROSSO - CAMPUS CÁCERES;07-01-2009;Centro-Oeste;MT;Cáceres;Centro-Sul Mato-grossense;Alto Pantanal
2966;INSTITUTO FEDERAL DE MATO GROSSO - CAMPUS CUIABÁ;07-01-2009;Centro-Oeste;MT;Cuiabá;Centro-Sul Mato-grossense;Cuiabá
31983;INSTITUTO FEDERAL DE MATO GROSSO - CAMPUS AVANÇADO TANGARÁ DA SERRA;22-01-2014;Centro-Oeste;MT;Tangará da Serra;Sudoeste Mato-grossense;Tangará da Serra
12978;UNIVERSIDADE FEDERAL DO PARÁ - ESCOLA DE MÚSICA DA UFPA;04-01-1991;Norte;PA;Belém;Metropolitana de Belém;Belém
32358;INSTITUTO FEDERAL DO PARÁ CAMPUS CAMETÁ;22-01-2014;Norte;PA;Cametá;Nordeste Paraense;Cametá
2915;INSTITUTO FEDERAL DO PARÁ - CAMPUS CASTANHAL;07-01-2009;Norte;PA;Castanhal;Metropolitana de Belém;Castanhal
3522;INSTITUTO FEDERAL DO PARÁ - CAMPUS CONCEIÇÃO DO ARAGUAIA;29-12-2008;Norte;PA;Conceição do Araguaia;Sudeste Paraense;Conceição do Araguaia
13396;INSTITUTO FEDERAL DO PARÁ - CAMPUS ITAITUBA;29-12-2008;Norte;PA;Itaituba;Sudoeste Paraense;Itaituba
32357;INSTITUTO FEDERAL DO PARÁ CAMPUS PARAGOMINAS;22-01-2014;Norte;PA;Paragominas;Sudeste Paraense;Paragominas
13860;UNIVERSIDADE FEDERAL DO PARANÁ SETOR DE EDUCAÇÃO PROFISSIONAL E TECNÓLOGICA;28-08-2009;Sul;PR;Curitiba;Metropolitana de Curitiba;Curitiba
32003;INSTITUTO FEDERAL DO PARANÁ CAMPUS AVANÇADO GUAÍRA;18-06-2012;Sul;PR;Guaíra;Oeste Paranaense;Toledo
14104;INSTITUTO FEDERAL DE PERNAMBUCO - CAMPUS GARANHUNS;07-01-2009;Nordeste;PE;Garanhuns;Agreste Pernambucano;Garanhuns
14184;INSTITUTO FEDERAL DO SERTÃO PERNAMBUCANO - CAMPUS OURICURI;21-09-2010;Nordeste;PE;Ouricuri;Sertão Pernambucano;Araripina
32365;INSTITUTO FEDERAL DE PERNAMBUCO - CAMPUS PAULISTA;22-01-2014;Nordeste;PE;Paulista;Metropolitana de Recife;Recife
12974;UNIVERSIDADE FEDERAL DO RURAL DE PERNAMBUCO - COLÉGIO AGRÍCOLA DOM AGOSTINHO IKAS DA UFRPE;04-09-1975;Nordeste;PE;São Lourenço da Mata;Metropolitana de Recife;Recife
3744;COLÉGIO TÉCNICO DE FLORIANO;03-01-1979;Nordeste;PI;Floriano;Sudoeste Piauiense;Floriano
31990;INSTITUTO FEDERAL DO PIAUÍ - CAMPUS VALENÇA DO PIAUÍ;22-01-2014;Nordeste;PI;Valença do Piauí;Centro-Norte Piauiense;Valença do Piauí
13781;INSTITUTO FEDERAL DO PARANÁ - CAMPUS ASSIS CHATEAUBRIAND;28-12-2008;Sul;PR;Assis Chateaubriand;Oeste Paranaense;Toledo
2933;INSTITUTO FEDERAL FARROUPILHA - CAMPUS JÚLIO DE CASTILHOS;07-01-2009;Sul;RS;Júlio de Castilhos;Centro Ocidental Rio-grandense;Santiago
2939;INSTITUTO FEDERAL DO RIO GRANDE DO SUL - CAMPUS PORTO ALEGRE;07-01-2009;Sul;RS;Porto Alegre;Metropolitana de Porto Alegre;Porto Alegre
2940;INSTITUTO FEDERAL DO RIO GRANDE DO SUL - CAMPUS RIO GRANDE;07-01-2009;Sul;RS;Rio Grande;Sudeste Rio-grandense;Litoral Lagunar
20452;CENTRO FEDERAL DE EDUCAÇÃO TECNOLÓGICA CELSO SUCKOW DA FONSECA - UNED ANGRA DOS REIS;28-12-2008;Sudeste;RJ;Angra dos Reis;Sul Fluminense;Baía da Ilha Grande
20449;CENTRO FEDERAL DE EDUCAÇÃO TECNOLÓGICA CELSO SUCKOW DA FONSECA - UNED ITAGUAÍ;29-12-2008;Sudeste;RJ;Itaguaí;Metropolitana do Rio de Janeiro;Itaguaí
32046;INSTITUTO FEDERAL DO RIO DE JANEIRO CAMPUS MESQUITA;30-12-2008;Sudeste;RJ;Mesquita;Metropolitana do Rio de Janeiro;Rio de Janeiro
2937;INSTITUTO FEDERAL DO RIO DE JANEIRO - CAMPUS NILÓPOLIS;07-01-2009;Sudeste;RJ;Nilópolis;Metropolitana do Rio de Janeiro;Rio de Janeiro
1703;COLÉGIO PEDRO II - CAMPUS REALENGO II;17-11-2008;Sudeste;RJ;Rio de Janeiro;Metropolitana do Rio de Janeiro;Rio de Janeiro
3037;CENTRO FEDERAL DE EDUCAÇÃO TECNOLÓGICA CELSO SUCKOW DA FONSECA - UNIDADE MARACANÃ;07-01-2009;Sudeste;RJ;Rio de Janeiro;Metropolitana do Rio de Janeiro;Rio de Janeiro
13012;INSTITUTO FEDERAL DO RIO GRANDE DO NORTE - CAMPUS CAICÓ;28-07-2009;Nordeste;RN;Caicó;Central Potiguar;Seridó Ocidental
31311;INSTITUTO FEDERAL DO RIO GRANDE DO NORTE - CAMPUS CANGUARETAMA;08-10-2013;Nordeste;RN;Canguaretama;Leste Potiguar;Litoral Sul
3215;UNIVERSIDADE FEDERAL DO RIO GRANDE DO NORTE - ESCOLA DE MÚSICA DA UFRN;04-10-1962;Nordeste;RN;Natal;Leste Potiguar;Natal
13017;INSTITUTO FEDERAL DO RIO GRANDE DO NORTE - CAMPUS PAU DOS FERROS;08-09-2009;Nordeste;RN;Pau dos Ferros;Oeste Potiguar;Pau dos Ferros
20419;INSTITUTO FEDERAL DO RIO GRANDE DO NORTE - CAMPUS SÃO GONÇALO DO AMARANTE;29-12-2008;Nordeste;RN;São Gonçalo do Amarante;Leste Potiguar;Macaíba
12982;FUNDAÇÃO UNIVERSIDADE FEDERAL DE RORAIMA - ESCOLA AGROTÉCNICA;27-03-2008;Norte;RR;Boa Vista;Norte de Roraima;Boa Vista
2811;INSTITUTO FEDERAL DE RORAIMA - CAMPUS BOA VISTA;29-12-2008;Norte;RR;Boa Vista;Norte de Roraima;Boa Vista
42733;INSTITUTO FEDERAL DE SÃO PAULO CAMPUS AVANÇADO ILHA SOLTEIRA;01-03-2014;Sudeste;SP;Ilha Solteira;Araçatuba;Andradina
2941;INSTITUTO FEDERAL DO RIO GRANDE DO SUL - CAMPUS SERTÃO;07-01-2009;Sul;RS;Sertão;Noroeste Rio-grandense;Passo Fundo
20443;INSTITUTO FEDERAL SUL-RIO-GRANDENSE - CAMPUS VENÂNCIO AIRES;13-05-2011;Sul;RS;Venâncio Aires;Centro Oriental Rio-grandense;Santa Cruz do Sul
14257;INSTITUTO FEDERAL DE SANTA CATARINA - CAMPUS LAGES;07-01-2009;Sul;SC;Lages;Serrana;Campos de Lages
32382;INSTITUTO FEDERAL DE SANTA CATARINA CAMPUS AVANÇADO SÃO LOURENÇO DO OESTE;30-12-2008;Sul;SC;São Lourenço do Oeste;Oeste Catarinense;Chapecó
14255;INSTITUTO FEDERAL DE SANTA CATARINA - CAMPUS SÃO MIGUEL DO OESTE;07-01-2009;Sul;SC;São Miguel do Oeste;Oeste Catarinense;São Miguel do Oeste
31330;INSTITUTO FEDERAL DE SANTA CATARINA CAMPUS TUBARÃO;08-10-2013;Sul;SC;Tubarão;Sul Catarinense;Tubarão
3445;INSTITUTO FEDERAL DE SERGIPE - CAMPUS LAGARTO;07-01-2009;Nordeste;SE;Lagarto;Agreste Sergipano;Agreste de Lagarto
2817;INSTITUTO FEDERAL DE SÃO PAULO - CAMPUS SERTÃOZINHO;30-12-2008;Sudeste;SP;Sertãozinho;Ribeirão Preto;Ribeirão Preto
13819;INSTITUTO FEDERAL DO TOCANTINS - CAMPUS ARAGUAÍNA;11-09-2009;Norte;TO;Araguaína;Ocidental do Tocantins;Araguaína
32025;INSTITUTO FEDERAL DO TOCANTINS - CAMPUS AVANÇADO PEDRO AFONSO;22-01-2014;Norte;TO;Pedro Afonso;Oriental do Tocantins;Porto Nacional
32016;INSTITUTO FEDERAL DE ALAGOAS - CAMPUS RIO LARGO;22-01-2014;Nordeste;AL;Rio Largo;Leste Alagoano;Maceió
32063;INSTITUTO FEDERAL DO AMAZONAS - CAMPUS HUMAITÁ;07-10-2013;Norte;AM;Humaitá;Sul Amazonense;Madeira
13779;INSTITUTO FEDERAL DO AMAZONAS - CAMPUS LÁBREA;29-12-2008;Norte;AM;Lábrea;Sul Amazonense;Purus
13795;INSTITUTO FEDERAL DO AMAZONAS - CAMPUS PRESIDENTE FIGUEIREDO;07-01-2009;Norte;AM;Presidente Figueiredo;Centro Amazonense;Rio Preto da Eva
13623;INSTITUTO FEDERAL BAIANO - CAMPUS BOM JESUS DA LAPA;07-01-2009;Nordeste;BA;Bom Jesus da Lapa;Vale São-Franciscano da Bahia;Bom Jesus da Lapa
32087;INSTITUTO FEDERAL DA BAHIA - CAMPUS BRUMADO;08-10-2013;Nordeste;BA;Brumado;Centro Sul Baiano;Brumado
20099;INSTITUTO FEDERAL DA BAHIA - CAMPUS PAULO AFONSO;29-12-2009;Nordeste;BA;Paulo Afonso;Vale São-Franciscano da Bahia;Paulo Afonso
31976;INSTITUTO FEDERAL DO ACRE - CAMPUS AVANÇADO RIO BRANCO BAIXADA DO SOL;05-04-2012;Norte;AC;Rio Branco;Vale do Acre;Rio Branco
2870;INSTITUTO FEDERAL DE ALAGOAS - CAMPUS MARECHAL DEODORO;07-01-2009;Nordeste;AL;Marechal Deodoro;Leste Alagoano;Maceió
2864;INSTITUTO FEDERAL DE ALAGOAS - CAMPUS PALMEIRA DOS ÍNDIOS;07-01-2009;Nordeste;AL;Palmeira dos Índios;Agreste Alagoano;Palmeira dos Índios
2956;INSTITUTO FEDERAL GOIANO - CAMPUS URUTAÍ;07-01-2009;Centro-Oeste;GO;Urutaí;Sul Goiano;Pires do Rio
20183;INSTITUTO FEDERAL DO MARANHÃO - CAMPUS BACABAL;30-12-2008;Nordeste;MA;Bacabal;Centro Maranhense;Médio Mearim
20092;INSTITUTO FEDERAL DO MARANHÃO - CAMPUS BARREIRINHAS;29-12-2008;Nordeste;MA;Barreirinhas;Norte Maranhense;Lençóis Maranhenses
42115;INSTITUTO FEDERAL DO MARANHÃO CAMPUS AVANÇADO PORTO FRANCO;30-12-2013;Nordeste;MA;Porto Franco;Sul Maranhense;Porto Franco
2866;INSTITUTO FEDERAL DA BAHIA - CAMPUS SANTO AMARO;07-01-2009;Nordeste;BA;Santo Amaro;Metropolitana de Salvador;Santo Antônio de Jesus
44046;INSTITUTO FEDERAL BAIANO ¿ CAMPUS SERRINHA;30-12-2008;Nordeste;BA;Serrinha;Nordeste Baiano;Serrinha
14223;INSTITUTO FEDERAL DO CEARÁ - CAMPUS ACARAÚ;30-03-2010;Nordeste;CE;Acaraú;Noroeste Cearense;Litoral de Camocim e Acaraú
20084;INSTITUTO FEDERAL DO CEARÁ - CAMPUS JAGUARIBE;08-12-2010;Nordeste;CE;Jaguaribe;Jaguaribe;Médio Jaguaribe
20567;INSTITUTO FEDERAL DE BRASÍLIA - CAMPUS SÃO SEBASTIÃO;15-07-2011;Centro-Oeste;DF;Brasília;Distrito Federal;Brasília
2803;INSTITUTO FEDERAL DE BRASÍLIA - CAMPUS PLANALTINA;29-12-2008;Centro-Oeste;DF;Brasília;Distrito Federal;Brasília
2891;INSTITUTO FEDERAL DO ESPÍRITO SANTO - CAMPUS ALEGRE;07-01-2009;Sudeste;ES;Alegre;Sul Espírito-santense;Alegre
2896;INSTITUTO FEDERAL DO ESPÍRITO SANTO - CAMPUS COLATINA;07-01-2009;Sudeste;ES;Colatina;Noroeste Espírito-santense;Colatina
14500;INSTITUTO FEDERAL DO ESPÍRITO SANTO - CAMPUS IBATIBA;03-03-2010;Sudeste;ES;Ibatiba;Sul Espírito-santense;Alegre
2899;INSTITUTO FEDERAL DO ESPÍRITO SANTO - CAMPUS SÃO MATEUS;07-01-2009;Sudeste;ES;São Mateus;Litoral Norte Espírito-santense;São Mateus
32320;INSTITUTO FEDERAL DO ESPÍRITO SANTO CAMPUS AVANÇADO VIANA;17-03-2014;Sudeste;ES;Viana;Central Espírito-santense;Vitória
32227;INSTITUTO FEDERAL GOIANO CAMPUS AVANÇADO CRISTALINA;30-12-2013;Centro-Oeste;GO;Cristalina;Leste Goiano;Entorno de Brasília
20433;INSTITUTO FEDERAL DE GOIÁS - CAMPUS GOIÂNIA OESTE;28-12-2008;Centro-Oeste;GO;Goiânia;Centro Goiano;Goiânia
3003;INSTITUTO FEDERAL DE GOIÁS - CAMPUS INHUMAS;07-01-2009;Centro-Oeste;GO;Inhumas;Centro Goiano;Anápolis
3002;INSTITUTO FEDERAL DE GOIÁS - CAMPUS JATAÍ;07-01-2009;Centro-Oeste;GO;Jataí;Sul Goiano;Sudoeste de Goiás
42051;INSTITUTO FEDERAL DO SUDESTE DE MINAS GERAIS CAMPUS MANHUAÇU;30-12-2013;Sudeste;MG;Manhuaçu;Zona da Mata;Manhuaçu
3366;INSTITUTO FEDERAL DO TRIÂNGULO MINEIRO - CAMPUS PARACATU;30-12-2008;Sudeste;MG;Paracatu;Noroeste de Minas;Paracatu
42217;INSTITUTO FEDERAL DO NORTE DE MINAS GERAIS CENTRO DE REFERÊNCIA PORTEIRINHA;30-12-2013;Sudeste;MG;Porteirinha;Norte de Minas;Janaúba
2991;INSTITUTO FEDERAL DO SUDESTE DE MINAS GERAIS - CAMPUS RIO POMBA;07-01-2009;Sudeste;MG;Rio Pomba;Zona da Mata;Ubá
23460;INSTITUTO FEDERAL DE MINAS GERAIS - CAMPUS SABARÁ;26-11-2011;Sudeste;MG;Sabará;Metropolitana de Belo Horizonte;Belo Horizonte
42125;INSTITUTO FEDERAL DE MINAS GERAIS - CAMPUS SANTA LUZIA;30-12-2013;Sudeste;MG;Santa Luzia;Metropolitana de Belo Horizonte;Belo Horizonte
13649;INSTITUTO FEDERAL DO NORTE DE MINAS GERAIS - CAMPUS ARAÇUAÍ;07-01-2009;Sudeste;MG;Araçuaí;Jequitinhonha;Araçuaí
13192;INSTITUTO FEDERAL DE MINAS GERAIS - CAMPUS GOVERNADOR VALADARES;07-01-2009;Sudeste;MG;Governador Valadares;Vale do Rio Doce;Governador Valadares
2918;INSTITUTO FEDERAL DO PARÁ - CAMPUS TUCURUÍ;07-01-2009;Norte;PA;Tucuruí;Sudeste Paraense;Tucuruí
3562;INSTITUTO FEDERAL DA PARAÍBA - CAMPUS CABEDELO;07-01-2009;Nordeste;PB;Cabedelo;Mata Paraibana;João Pessoa
42528;INSTITUTO FEDERAL DA PARAÍBA CAMPUS ITAPORANGA;20-01-2014;Nordeste;PB;Itaporanga;Sertão Paraibano;Itaporanga
2810;INSTITUTO FEDERAL DA PARAÍBA - CAMPUS SOUSA;07-01-2009;Nordeste;PB;Sousa;Sertão Paraibano;Sousa
13903;INSTITUTO FEDERAL DO TRIÂNGULO MINEIRO - CAMPUS UBERLÂNDIA CENTRO;03-12-2009;Sudeste;MG;Uberlândia;Triângulo Mineiro/Alto Paranaíba;Uberlândia
12975;UNIVERSIDADE FEDERAL DE UBERLÂNDIA - ESCOLA TÉCNICA DE SAÚDE DA UFU;29-10-1981;Sudeste;MG;Uberlândia;Triângulo Mineiro/Alto Paranaíba;Uberlândia
14144;INSTITUTO FEDERAL DO MATO GROSSO DO SUL - CAMPUS CORUMBÁ;08-07-2010;Centro-Oeste;MS;Corumbá;Pantanais Sul Mato-grossense;Baixo Pantanal
13511;INSTITUTO FEDERAL DE MATO GROSSO - CAMPUS CONFRESA;07-01-2009;Centro-Oeste;MT;Confresa;Nordeste Mato-grossense;Norte Araguaia
13863;INSTITUTO FEDERAL DO PARÁ - CAMPUS BREVES;30-12-2008;Norte;PA;Breves;Marajó;Furos de Breves
13782;INSTITUTO FEDERAL DO PARANÁ - CAMPUS PALMAS;28-12-2008;Sul;PR;Palmas;Centro-Sul Paranaense;Palmas
3344;UNIVERSIDADE TECNOLÓGICA FEDERAL DO PARANÁ - CAMPUS PONTA GROSSA;20-10-1992;Sul;PR;Ponta Grossa;Centro Oriental Paranaense;Ponta Grossa
2877;INSTITUTO FEDERAL DO SERTÃO PERNAMBUCANO - CAMPUS FLORESTA;07-01-2009;Nordeste;PE;Floresta;São Francisco Pernambucano;Itaparica
2856;INSTITUTO FEDERAL DE PERNAMBUCO - CAMPUS RECIFE;07-01-2009;Nordeste;PE;Recife;Metropolitana de Recife;Recife
32044;INSTITUTO FEDERAL DO SERTÃO PERNAMBUCANO - CAMPUS SANTA MARIA DA BOA VISTA;06-01-2009;Nordeste;PE;Santa Maria da Boa Vista;São Francisco Pernambucano;Petrolina
31993;INSTITUTO FEDERAL DO PIAUÍ CAMPUS AVANÇADO JOSÉ FREITAS;22-01-2014;Nordeste;PI;José de Freitas;Centro-Norte Piauiense;Teresina
13306;INSTITUTO FEDERAL DO PIAUÍ - CAMPUS PAULISTANA;07-01-2009;Nordeste;PI;Paulistana;Sudeste Piauiense;Alto Médio Canindé
31980;INSTITUTO FEDERAL SUL RIOGRANDENSE CAMPUS AVANÇADO NOVO HAMBURGO;22-01-2014;Sul;RS;Novo Hamburgo;Metropolitana de Porto Alegre;Porto Alegre
2928;INSTITUTO FEDERAL SUL-RIO-GRANDENSE - CAMPUS PELOTAS;07-01-2009;Sul;RS;Pelotas;Sudeste Rio-grandense;Pelotas
1700;COLÉGIO PEDRO II - CAMPUS SÃO CRISTÓVÃO III;17-11-2008;Sudeste;RJ;Rio de Janeiro;Metropolitana do Rio de Janeiro;Rio de Janeiro
1702;COLÉGIO PEDRO II - CAMPUS ENGENHO NOVO II;17-11-2008;Sudeste;RJ;Rio de Janeiro;Metropolitana do Rio de Janeiro;Rio de Janeiro
3004;INSTITUTO FEDERAL DO RIO DE JANEIRO CAMPUS REALENGO;07-01-2009;Sudeste;RJ;Rio de Janeiro;Metropolitana do Rio de Janeiro;Rio de Janeiro
13008;INSTITUTO FEDERAL DO RIO GRANDE DO NORTE - CAMPUS APODI;28-07-2009;Nordeste;RN;Apodi;Oeste Potiguar;Chapada do Apodi
2962;INSTITUTO FEDERAL DO RIO GRANDE DO NORTE - CAMPUS NATAL ZONA NORTE;07-01-2009;Nordeste;RN;Natal;Leste Potiguar;Natal
42055;INSTITUTO FEDERAL DO RIO GRANDE DO NORTE CAMPUS AVANÇADO PARELHAS;31-12-2013;Nordeste;RN;Parelhas;Central Potiguar;Seridó Oriental
20413;INSTITUTO FEDERAL DO RIO GRANDE DO NORTE - CAMPUS PARNAMIRIM;29-12-2008;Nordeste;RN;Parnamirim;Leste Potiguar;Natal
13018;INSTITUTO FEDERAL DO RIO GRANDE DO NORTE - CAMPUS SANTA CRUZ;28-07-2009;Nordeste;RN;Santa Cruz;Agreste Potiguar;Borborema Potiguar
3523;INSTITUTO FEDERAL DE RONDÔNIA - CAMPUS JI-PARANÁ;29-12-2008;Norte;RO;Ji-Paraná;Leste Rondoniense;Ji-Paraná
32005;INSTITUTO FEDERAL DO RIO GRANDE DO SUL CAMPUS ALVORADA;28-12-2008;Sul;RS;Alvorada;Metropolitana de Porto Alegre;Porto Alegre
13801;INSTITUTO FEDERAL DO RIO GRANDE DO SUL - CAMPUS CAXIAS DO SUL;29-12-2008;Sul;RS;Caxias do Sul;Nordeste Rio-grandense;Caxias do Sul
3446;INSTITUTO FEDERAL DE SERGIPE - CAMPUS SÃO CRISTÓVÃO;07-01-2009;Nordeste;SE;São Cristóvão;Leste Sergipano;Aracaju
2851;INSTITUTO FEDERAL DE SÃO PAULO - CAMPUS CAMPOS DO JORDÃO;30-12-2008;Sudeste;SP;Campos do Jordão;Vale do Paraíba Paulista;Campos do Jordão
14030;INSTITUTO FEDERAL DE SÃO PAULO - CAMPUS ITAPETININGA;30-12-2008;Sudeste;SP;Itapetininga;Itapetininga;Itapetininga
31998;INSTITUTO FEDERAL CATARINENSE CAMPUS AVANÇADO ABELARDO LUZ;22-01-2014;Sul;SC;Abelardo Luz;Oeste Catarinense;Xanxerê
20411;INSTITUTO FEDERAL CATARINENSE - CAMPUS IBIRAMA;29-12-2008;Sul;SC;Ibirama;Vale do Itajaí;Rio do Sul
2828;INSTITUTO FEDERAL DE SANTA CATARINA - CAMPUS JOINVILLE;07-01-2009;Sul;SC;Joinville;Norte Catarinense;Joinville
2831;INSTITUTO FEDERAL CATARINENSE - CAMPUS SANTA ROSA DO SUL;07-01-2009;Sul;SC;Santa Rosa do Sul;Sul Catarinense;Araranguá
14259;INSTITUTO FEDERAL DE SANTA CATARINA - CAMPUS XANXERÊ;07-01-2009;Sul;SC;Xanxerê;Oeste Catarinense;Xanxerê
20064;INSTITUTO FEDERAL DE SERGIPE - CAMPUS ESTÂNCIA;30-12-2008;Nordeste;SE;Estância;Leste Sergipano;Estância
32148;INSTITUTO FEDERAL DE SÃO PAULO CAMPUS JACAREÍ;29-12-2008;Sudeste;SP;Jacareí;Vale do Paraíba Paulista;São José dos Campos
21884;INSTITUTO FEDERAL DE SÃO PAULO - CAMPUS REGISTRO;21-09-2010;Sudeste;SP;Registro;Litoral Sul Paulista;Registro
2849;INSTITUTO FEDERAL DE SÃO PAULO - CAMPUS SALTO;30-12-2008;Sudeste;SP;Salto;Macro Metropolitana Paulista;Sorocaba
43476;INSTITUTO FEDERAL DE SÃO PAULO CAMPUS SÃO PAULO PIRITUBA;29-12-2008;Sudeste;SP;São Paulo;Metropolitana de São Paulo;São Paulo
42735;INSTITUTO FEDERAL DE SÃO PAULO CAMPUS AVANÇADO TUPÃ;01-03-2014;Sudeste;SP;Tupã;Marília;Tupã
2855;INSTITUTO FEDERAL DE ALAGOAS - CAMPUS SATUBA;07-01-2009;Nordeste;AL;Satuba;Leste Alagoano;Maceió
2889;INSTITUTO FEDERAL DO AMAZONAS - CAMPUS MANAUS CENTRO;07-01-2009;Norte;AM;Manaus;Centro Amazonense;Manaus
13796;INSTITUTO FEDERAL DO AMAZONAS - CAMPUS TABATINGA;07-01-2009;Norte;AM;Tabatinga;Sudoeste Amazonense;Alto Solimões
32109;INSTITUTO FEDERAL DO AMAPÁ CAMPUS SANTANA;22-01-2014;Norte;AP;Santana;Sul do Amapá;Macapá
2886;INSTITUTO FEDERAL DA BAHIA - CAMPUS BARREIRAS;07-01-2009;Nordeste;BA;Barreiras;Extremo Oeste Baiano;Barreiras
32231;INSTITUTO FEDERAL GOIANO CAMPUS TRINDADE;29-12-2008;Centro-Oeste;GO;Trindade;Centro Goiano;Goiânia
2908;INSTITUTO FEDERAL DO MARANHÃO - CAMPUS BURITICUPU;07-01-2009;Nordeste;MA;Buriticupu;Oeste Maranhense;Pindaré
2904;INSTITUTO FEDERAL DO MARANHÃO - CAMPUS CODÓ;07-01-2009;Nordeste;MA;Codó;Leste Maranhense;Codó
32134;INSTITUTO FEDERAL DO MARANHÃO CAMPUS PEDREIRAS;08-10-2013;Nordeste;MA;Pedreiras;Centro Maranhense;Médio Mearim
20096;INSTITUTO FEDERAL DO MARANHÃO - CAMPUS SÃO JOÃO DOS PATOS;29-12-2008;Nordeste;MA;São João dos Patos;Leste Maranhense;Chapadas do Alto Itapecuru
2950;INSTITUTO FEDERAL BAIANO - CAMPUS TEIXEIRA DE FREITAS;07-01-2009;Nordeste;BA;Teixeira de Freitas;Sul Baiano;Porto Seguro
2871;INSTITUTO FEDERAL DA BAHIA - CAMPUS VALENÇA TENTO;07-01-2009;Nordeste;BA;Valença;Sul Baiano;Valença
20434;INSTITUTO FEDERAL DO CEARÁ - CAMPUS CAMOCIM;29-12-2008;Nordeste;CE;Camocim;Noroeste Cearense;Litoral de Camocim e Acaraú
20436;INSTITUTO FEDERAL DO CEARÁ - CAMPUS MORADA NOVA;29-12-2008;Nordeste;CE;Morada Nova;Jaguaribe;Baixo Jaguaribe
14191;INSTITUTO FEDERAL DO CEARÁ - CAMPUS TIANGUÁ;30-03-2010;Nordeste;CE;Tianguá;Noroeste Cearense;Ibiapaba
13367;INSTITUTO FEDERAL DE BRASÍLIA - CAMPUS TAGUATINGA;07-01-2009;Centro-Oeste;DF;Brasília;Distrito Federal;Brasília
20892;INSTITUTO FEDERAL DE BRASÍLIA - CAMPUS TAGUATINGA CENTRO;01-11-2011;Centro-Oeste;DF;Brasília;Distrito Federal;Brasília
42638;INSTITUTO FEDERAL DO ESPIRITO SANTO - CENTRO DE REFERÊNCIA EM FORMAÇÃO E EM EDUCAÇÃO A DISTÂNCIA;13-08-2014;Sudeste;ES;Vitória;Central Espírito-santense;Vitória
2953;INSTITUTO FEDERAL GOIANO - CAMPUS CERES;07-01-2009;Centro-Oeste;GO;Ceres;Centro Goiano;Ceres
42052;INSTITUTO FEDERAL GOIANO CAMPUS AVANÇADO IPAMERI;30-12-2013;Centro-Oeste;GO;Ipameri;Sul Goiano;Catalão
20381;INSTITUTO FEDERAL DO MARANHÃO - CAMPUS TIMON;30-12-2008;Nordeste;MA;Timon;Leste Maranhense;Caxias
13209;INSTITUTO FEDERAL DO NORTE DE MINAS GERAIS - CAMPUS ARINOS;07-01-2009;Sudeste;MG;Arinos;Noroeste de Minas;Unaí
2996;INSTITUTO FEDERAL DE MINAS GERAIS - CAMPUS BAMBUÍ;07-01-2009;Sudeste;MG;Bambuí;Oeste de Minas;Piuí
20439;INSTITUTO FEDERAL DE MINAS GERAIS - CAMPUS BETIM;29-12-2008;Sudeste;MG;Betim;Metropolitana de Belo Horizonte;Belo Horizonte
42205;INSTITUTO FEDERAL DO SUDESTE DE MINAS GERAIS CENTRO DE REFERÊNCIA CATAGUASES;30-12-2013;Sudeste;MG;Cataguases;Zona da Mata;Cataguases
21662;CENTRO FEDERAL DE EDUCAÇÃO TECNOLÓGICA DE MINAS GERAIS - UNED CONTAGEM;06-12-2011;Sudeste;MG;Contagem;Metropolitana de Belo Horizonte;Belo Horizonte
3042;CENTRO FEDERAL DE EDUCAÇÃO TECNOLÓGICA DE MINAS GERAIS - UNED DIVINÓPOLIS;07-01-2009;Sudeste;MG;Divinópolis;Oeste de Minas;Divinópolis
3228;INSTITUTO FEDERAL DE MINAS GERAIS - CAMPUS FORMIGA;07-01-2009;Sudeste;MG;Formiga;Oeste de Minas;Formiga
32038;INSTITUTO FEDERAL DA PARAÍBA CAMPUS AVANÇADO JOÃO PESSOA MANGABEIRA;31-01-2014;Nordeste;PB;João Pessoa;Mata Paraibana;João Pessoa
354;UNIVERSIDADE FEDERAL DA PARAÍBA - ESCOLA TÉCNICA DE SAÚDE DA UFPB;13-12-1960;Nordeste;PB;João Pessoa;Mata Paraibana;João Pessoa
2809;INSTITUTO FEDERAL DA PARAÍBA - CAMPUS JOÃO PESSOA;07-01-2009;Nordeste;PB;João Pessoa;Mata Paraibana;João Pessoa
42071;INSTITUTO FEDERAL DO NORTE DE MINAS GERAIS CAMPUS TEÓFILO OTONI;30-12-2013;Sudeste;MG;Teófilo Otoni;Vale do Mucuri;Teófilo Otoni
13892;INSTITUTO FEDERAL DO MATO GROSSO DO SUL - CAMPUS AQUIDAUANA;08-07-2010;Centro-Oeste;MS;Aquidauana;Pantanais Sul Mato-grossense;Aquidauana
42565;INSTITUTO FEDERAL DO MATO GROSSO DO SUL CAMPUS DOURADOS;30-12-2008;Centro-Oeste;MS;Dourados;Sudoeste de Mato Grosso do Sul;Dourados
42566;INSTITUTO FEDERAL DO MATO GROSSO DO SUL CAMPUS NAVIRAÍ;30-12-2008;Centro-Oeste;MS;Naviraí;Sudoeste de Mato Grosso do Sul;Iguatemi
31984;INSTITUTO FEDERAL DE MATO GROSSO - CAMPUS ALTA FLORESTA;22-01-2014;Centro-Oeste;MT;Alta Floresta;Norte Mato-grossense;Alta Floresta
44307;INSTITUTO FEDERAL DE MATO GROSSO - CAMPUS AVANÇADO GUARANTA DO NORTE;10-05-2016;Centro-Oeste;MT;Guarantã do Norte;Norte Mato-grossense;Colíder
13512;INSTITUTO FEDERAL DE MATO GROSSO - CAMPUS JUÍNA;07-01-2009;Centro-Oeste;MT;Juína;Norte Mato-grossense;Aripuanã
3485;INSTITUTO FEDERAL DE MATO GROSSO - CAMPUS PONTES E LACERDA;07-01-2009;Centro-Oeste;MT;Pontes e Lacerda;Sudoeste Mato-grossense;Alto Guaporé
2969;INSTITUTO FEDERAL DE MATO GROSSO - CAMPUS SÃO VICENTE;07-01-2009;Centro-Oeste;MT;Santo Antônio do Leverger;Centro-Sul Mato-grossense;Cuiabá
3526;INSTITUTO FEDERAL DO PARÁ - CAMPUS BRAGANÇA;29-12-2008;Norte;PA;Bragança;Nordeste Paraense;Bragantina
23467;INSTITUTO FEDERAL DO PARANÁ CAMPUS CAPANEMA;18-06-2012;Sul;PR;Capanema;Sudoeste Paranaense;Capanema
13789;INSTITUTO FEDERAL DO PARANÁ - CAMPUS CASCAVEL;30-12-2008;Sul;PR;Cascavel;Oeste Paranaense;Cascavel
31964;INSTITUTO FEDERAL DO PARANÁ - CAMPUS AVANÇADO CORONEL VIVIDA;18-06-2012;Sul;PR;Coronel Vivida;Sudoeste Paranaense;Pato Branco
2924;INSTITUTO FEDERAL DO PARANÁ - CAMPUS CURITIBA;07-01-2009;Sul;PR;Curitiba;Metropolitana de Curitiba;Curitiba
3657;UNIVERSIDADE TECNOLÓGICA FEDERAL DO PARANÁ - CAMPUS MEDIANEIRA;10-10-2005;Sul;PR;Medianeira;Oeste Paranaense;Foz do Iguaçu
2867;INSTITUTO FEDERAL DE PERNAMBUCO - CAMPUS PESQUEIRA;07-01-2009;Nordeste;PE;Pesqueira;Agreste Pernambucano;Vale do Ipojuca
2921;INSTITUTO FEDERAL DO PIAUÍ - CAMPUS FLORIANO;07-01-2009;Nordeste;PI;Floriano;Sudoeste Piauiense;Floriano
13305;INSTITUTO FEDERAL DO PIAUÍ - CAMPUS SÃO RAIMUNDO NONATO;07-01-2009;Nordeste;PI;São Raimundo Nonato;Sudoeste Piauiense;São Raimundo Nonato
12424;COLÉGIO TÉCNICO DE TERESINA;10-05-1954;Nordeste;PI;Teresina;Centro-Norte Piauiense;Teresina
31962;INSTITUTO FEDERAL DO PARANÁ CAMPUS AVANÇADO ASTORGA;18-06-2012;Sul;PR;Astorga;Norte Central Paranaense;Astorga
14080;INSTITUTO FEDERAL FARROUPILHA - CAMPUS PANAMBI;07-01-2009;Sul;RS;Panambi;Noroeste Rio-grandense;Ijuí
12737;UNIVERSIDADE FEDERAL DE SANTA MARIA - COLÉGIO POLITÉCNICO DA UNIVERSIDADE FEDERAL SANTA MARIA;24-01-1961;Sul;RS;Santa Maria;Centro Ocidental Rio-grandense;Santa Maria
32048;INSTITUTO FEDERAL FARROUPILHA - CAMPUS SANTO ÂNGELO;31-01-2014;Sul;RS;Santo Ângelo;Noroeste Rio-grandense;Santo Ângelo
2929;INSTITUTO FEDERAL SUL-RIO-GRANDENSE - CAMPUS SAPUCAIA DO SUL;07-01-2009;Sul;RS;Sapucaia do Sul;Metropolitana de Porto Alegre;Porto Alegre
42059;INSTITUTO FEDERAL FLUMINENSE - CAMPUS AVANÇADO MARICÁ;30-12-2013;Sudeste;RJ;Maricá;Metropolitana do Rio de Janeiro;Rio de Janeiro
13909;INSTITUTO FEDERAL FLUMINENSE - CAMPUS QUISSAMÃ;12-01-2010;Sudeste;RJ;Quissamã;Norte Fluminense;Macaé
32055;INSTITUTO FEDERAL FLUMINENSE - CAMPUS SANTO ANTÔNIO DE PÁDUA;25-04-2013;Sudeste;RJ;Santo Antônio de Pádua;Noroeste Fluminense;Santo Antônio de Pádua
3530;INSTITUTO FEDERAL DO RIO DE JANEIRO - CAMPUS VOLTA REDONDA;07-01-2009;Sudeste;RJ;Volta Redonda;Sul Fluminense;Vale do Paraíba Fluminense
13013;INSTITUTO FEDERAL DO RIO GRANDE DO NORTE - CAMPUS JOÃO CÂMARA;28-07-2009;Nordeste;RN;João Câmara;Agreste Potiguar;Baixa Verde
13766;INSTITUTO FEDERAL DE RONDÔNIA - CAMPUS PORTO VELHO ZONA NORTE;07-01-2009;Norte;RO;Porto Velho;Madeira-Guaporé;Porto Velho
20078;INSTITUTO FEDERAL DE SERGIPE - CAMPUS NOSSA SENHORA DA GLÓRIA;30-12-2008;Nordeste;SE;Nossa Senhora da Glória;Sertão Sergipano;Sergipana do Sertão do São Francisco
14035;INSTITUTO FEDERAL DE SÃO PAULO - CAMPUS ARARAQUARA;30-12-2008;Sudeste;SP;Araraquara;Araraquara;Araraquara
14032;INSTITUTO FEDERAL DE SÃO PAULO - CAMPUS CATANDUVA;30-12-2008;Sudeste;SP;Catanduva;São José do Rio Preto;Catanduva
2832;INSTITUTO FEDERAL CATARINENSE - CAMPUS CAMBORIÚ;07-01-2009;Sul;SC;Camboriú;Vale do Itajaí;Itajaí
2824;INSTITUTO FEDERAL DE SANTA CATARINA - CAMPUS FLORIANÓPOLIS;07-01-2009;Sul;SC;Florianópolis;Grande Florianópolis;Florianópolis
20424;INSTITUTO FEDERAL CATARINENSE - CAMPUS FRAIBURGO;29-12-2008;Sul;SC;Fraiburgo;Oeste Catarinense;Joaçaba
34969;INSTITUTO FEDERAL DE SÃO PAULO CAMPUS AVANÇADO JUNDIAÍ;29-12-2008;Sudeste;SP;Jundiaí;Macro Metropolitana Paulista;Jundiaí
32537;INSTITUTO FEDERAL DO TOCANTINS - CAMPUS AVANÇADO FORMOSO DO ARAGUAIA;22-01-2014;Norte;TO;Formoso do Araguaia;Ocidental do Tocantins;Rio Formoso
32491;INSTITUTO FEDERAL DO AMAZONAS CAMPUS AVANÇADO MANACAPURU;22-01-2014;Norte;AM;Manacapuru;Centro Amazonense;Manaus
2902;INSTITUTO FEDERAL DO AMAZONAS - CAMPUS MANAUS ZONA LESTE;07-01-2009;Norte;AM;Manaus;Centro Amazonense;Manaus
13792;INSTITUTO FEDERAL DO AMAZONAS - CAMPUS PARINTINS;29-12-2008;Norte;AM;Parintins;Centro Amazonense;Parintins
2983;INSTITUTO FEDERAL DO AMAZONAS - CAMPUS SÃO GABRIEL DA CACHOEIRA;07-01-2009;Norte;AM;São Gabriel da Cachoeira;Norte Amazonense;Rio Negro
14131;INSTITUTO FEDERAL DO AMAPÁ - CAMPUS LARANJAL DO JARI;06-12-2010;Norte;AP;Laranjal do Jari;Sul do Amapá;Mazagão
32107;INSTITUTO FEDERAL DO AMAPÁ CAMPUS PORTO GRANDE;22-01-2014;Norte;AP;Porto Grande;Sul do Amapá;Macapá
23625;INSTITUTO FEDERAL BAIANO - CAMPUS GOVERNADOR MANGABEIRA;24-04-2013;Nordeste;BA;Governador Mangabeira;Metropolitana de Salvador;Santo Antônio de Jesus
32036;INSTITUTO FEDERAL DA BAHIA CAMPUS JUAZEIRO;29-12-2008;Nordeste;BA;Juazeiro;Vale São-Franciscano da Bahia;Juazeiro
14329;INSTITUTO FEDERAL DO ACRE - CAMPUS CRUZEIRO DO SUL;29-12-2008;Norte;AC;Cruzeiro do Sul;Vale do Juruá;Cruzeiro do Sul
32006;INSTITUTO FEDERAL DE ALAGOAS - CAMPUS BATALHA;22-01-2014;Nordeste;AL;Batalha;Sertão Alagoano;Batalha
20106;INSTITUTO FEDERAL DO MARANHÃO - CAMPUS BARRA DO CORDA;29-12-2008;Nordeste;MA;Barra do Corda;Centro Maranhense;Alto Mearim e Grajaú
20382;INSTITUTO FEDERAL DO MARANHÃO - CAMPUS CAXIAS;30-12-2008;Nordeste;MA;Caxias;Leste Maranhense;Caxias
2905;INSTITUTO FEDERAL DO MARANHÃO - CAMPUS IMPERATRIZ;07-01-2009;Nordeste;MA;Imperatriz;Oeste Maranhense;Imperatriz
2901;INSTITUTO FEDERAL DO MARANHÃO - CAMPUS SÃO LUÍS MONTE CASTELO;07-01-2009;Nordeste;MA;São Luís;Norte Maranhense;Aglomeração Urbana de São Luís
2947;INSTITUTO FEDERAL BAIANO - CAMPUS SANTA INÊS;07-01-2009;Nordeste;BA;Santa Inês;Centro Sul Baiano;Jequié
2876;INSTITUTO FEDERAL DA BAHIA - CAMPUS VITÓRIA DA CONQUISTA;07-01-2009;Nordeste;BA;Vitória da Conquista;Centro Sul Baiano;Vitória da Conquista
20412;INSTITUTO FEDERAL DO CEARÁ - CAMPUS ARACATI;29-12-2008;Nordeste;CE;Aracati;Jaguaribe;Litoral de Aracati
14190;INSTITUTO FEDERAL DO CEARÁ - CAMPUS BATURITÉ;30-03-2010;Nordeste;CE;Baturité;Norte Cearense;Baturité
2985;INSTITUTO FEDERAL DO CEARÁ - CAMPUS CEDRO;07-01-2009;Nordeste;CE;Cedro;Centro-Sul Cearense;Iguatu
2986;INSTITUTO FEDERAL DO CEARÁ - CAMPUS JUAZEIRO DO NORTE;07-01-2009;Nordeste;CE;Juazeiro do Norte;Sul Cearense;Cariri
14194;INSTITUTO FEDERAL DO CEARÁ - CAMPUS TAUÁ;30-03-2010;Nordeste;CE;Tauá;Sertões Cearenses;Sertão de Inhamuns
20438;INSTITUTO FEDERAL DO CEARÁ - CAMPUS UBAJARA;29-12-2008;Nordeste;CE;Ubajara;Noroeste Cearense;Ibiapaba
13368;INSTITUTO FEDERAL DE BRASÍLIA - CAMPUS SAMAMBAIA;07-01-2009;Centro-Oeste;DF;Brasília;Distrito Federal;Brasília
13838;INSTITUTO FEDERAL DO ESPÍRITO SANTO - CAMPUS GUARAPARI;07-01-2009;Sudeste;ES;Guarapari;Central Espírito-santense;Guarapari
13597;INSTITUTO FEDERAL DO ESPÍRITO SANTO - CAMPUS VENDA NOVA DO IMIGRANTE;07-01-2009;Sudeste;ES;Venda Nova do Imigrante;Central Espírito-santense;Afonso Cláudio
13794;INSTITUTO FEDERAL DE GOIÁS - CAMPUS LUZIÂNIA;28-10-2008;Centro-Oeste;GO;Luziânia;Leste Goiano;Entorno de Brasília
2912;INSTITUTO FEDERAL DO NORTE DE MINAS GERAIS - CAMPUS JANUÁRIA;07-01-2009;Sudeste;MG;Januária;Norte de Minas;Januária
13462;INSTITUTO FEDERAL DO SUDESTE DE MINAS GERAIS - CAMPUS MURIAÉ;07-01-2009;Sudeste;MG;Muriaé;Zona da Mata;Muriaé
2993;INSTITUTO FEDERAL DE MINAS GERAIS - CAMPUS OURO PRETO;04-01-2009;Sudeste;MG;Ouro Preto;Metropolitana de Belo Horizonte;Ouro Preto
14022;INSTITUTO FEDERAL DO SUL DE MINAS GERAIS - CAMPUS PASSOS;30-12-2008;Sudeste;MG;Passos;Sul/Sudoeste de Minas;Passos
13904;INSTITUTO FEDERAL DO TRIÂNGULO MINEIRO - CAMPUS PATROCÍNIO;03-12-2009;Sudeste;MG;Patrocínio;Triângulo Mineiro/Alto Paranaíba;Patrocínio
20431;INSTITUTO FEDERAL DE MINAS GERAIS - CAMPUS RIBEIRÃO DAS NEVES;29-12-2008;Sudeste;MG;Ribeirão das Neves;Metropolitana de Belo Horizonte;Belo Horizonte
32004;INSTITUTO FEDERAL DO TRIÂNGULO MINEIRO CAMPUS AVANÇADO CAMPINA VERDE;22-01-2014;Sudeste;MG;Campina Verde;Triângulo Mineiro/Alto Paranaíba;Frutal
42278;INSTITUTO FEDERAL DE MINAS GERAIS - CAMPUS AVANÇADO CONSELHEIRO LAFAIETE;30-12-2013;Sudeste;MG;Conselheiro Lafaiete;Metropolitana de Belo Horizonte;Conselheiro Lafaiete
43071;INSTITUTO FEDERAL DE MINAS GERAIS - CAMPUS AVANÇADO ITABIRITO;21-01-2015;Sudeste;MG;Itabirito;Metropolitana de Belo Horizonte;Ouro Preto
3565;UNIVERSIDADE FEDERAL DA PARAÍBA - COLÉGIO AGRÍCOLA VIDAL DE NEGREIROS DA UFPB;20-01-1947;Nordeste;PB;Bananeiras;Agreste Paraibano;Brejo Paraibano
3585;INSTITUTO FEDERAL DA PARAÍBA - CAMPUS MONTEIRO;07-01-2009;Nordeste;PB;Monteiro;Borborema;Cariri Ocidental
2858;INSTITUTO FEDERAL DE PERNAMBUCO - CAMPUS BELO JARDIM;07-01-2009;Nordeste;PE;Belo Jardim;Agreste Pernambucano;Vale do Ipojuca
13447;INSTITUTO FEDERAL DO MATO GROSSO DO SUL - CAMPUS NOVA ANDRADINA;28-12-2008;Centro-Oeste;MS;Nova Andradina;Leste de Mato Grosso do Sul;Nova Andradina
2967;INSTITUTO FEDERAL DE MATO GROSSO - CAMPUS CUIABÁ BELA VISTA;07-01-2009;Centro-Oeste;MT;Cuiabá;Centro-Sul Mato-grossense;Cuiabá
31982;INSTITUTO FEDERAL DE MATO GROSSO - CAMPUS AVANÇADO SINOP;22-01-2014;Centro-Oeste;MT;Sinop;Norte Mato-grossense;Sinop
3524;INSTITUTO FEDERAL DO PARÁ - CAMPUS ABAETETUBA;29-12-2008;Norte;PA;Abaetetuba;Nordeste Paraense;Cametá
2916;INSTITUTO FEDERAL DO PARÁ - CAMPUS ALTAMIRA;07-01-2009;Norte;PA;Altamira;Sudoeste Paraense;Altamira
32045;INSTITUTO FEDERAL DO PARÁ CAMPUS PARAUAPEBAS;22-01-2014;Norte;PA;Parauapebas;Sudeste Paraense;Parauapebas
13805;INSTITUTO FEDERAL DO PARANÁ - CAMPUS CAMPO LARGO;07-01-2009;Sul;PR;Campo Largo;Metropolitana de Curitiba;Curitiba
23761;INSTITUTO FEDERAL DO PARANÁ CAMPUS COLOMBO;18-06-2012;Sul;PR;Curitiba;Metropolitana de Curitiba;Curitiba
23465;INSTITUTO FEDERAL DO PARANÁ CAMPUS PINHAIS;18-06-2012;Sul;PR;Pinhais;Metropolitana de Curitiba;Curitiba
31975;INSTITUTO FEDERAL DO PARANÁ CAMPUS AVANÇADO QUEDAS DO IGUAÇU;18-06-2012;Sul;PR;Quedas do Iguaçu;Centro-Sul Paranaense;Guarapuava
22643;INSTITUTO FEDERAL DO PIAUÍ - CAMPUS OEIRAS;29-12-2008;Nordeste;PI;Oeiras;Sudeste Piauiense;Picos
13292;INSTITUTO FEDERAL DO PIAUÍ - CAMPUS PIRIPIRI;07-01-2009;Nordeste;PI;Piripiri;Norte Piauiense;Baixo Parnaíba Piauiense
3672;UNIVERSIDADE TECNOLÓGICA FEDERAL DO PARANÁ - CAMPUS APUCARANA;29-11-2006;Sul;PR;Apucarana;Norte Central Paranaense;Apucarana
31979;INSTITUTO FEDERAL SUL-RIO-GRANDENSE - CAMPUS AVANÇADO JAGUARÃO;22-01-2014;Sul;RS;Jaguarão;Sudeste Rio-grandense;Jaguarão
22819;INSTITUTO FEDERAL FARROUPILHA - CAMPUS JAGUARI;04-09-2012;Sul;RS;Jaguari;Centro Ocidental Rio-grandense;Santa Maria
31909;INSTITUTO FEDERAL SUL-RIO-GRANDENSE - CAMPUS SAPIRANGA;08-10-2013;Sul;RS;Sapiranga;Metropolitana de Porto Alegre;Porto Alegre
12976;UNIVERSIDADE FEDERAL RURAL DO RIO DE JANEIRO - COLÉGIO TÉCNICO DA UFRRJ;04-03-1975;Sudeste;RJ;Seropédica;Metropolitana do Rio de Janeiro;Itaguaí
2976;INSTITUTO FEDERAL DO RIO GRANDE DO NORTE - CAMPUS CURRAIS NOVOS;30-06-2006;Nordeste;RN;Currais Novos;Central Potiguar;Seridó Oriental
2977;INSTITUTO FEDERAL DO RIO GRANDE DO NORTE - CAMPUS MOSSORÓ;07-01-2009;Nordeste;RN;Mossoró;Oeste Potiguar;Mossoró
20444;INSTITUTO FEDERAL DO RIO GRANDE DO NORTE - CAMPUS NATAL CIDADE ALTA;29-12-2008;Nordeste;RN;Natal;Leste Potiguar;Natal
31312;INSTITUTO FEDERAL DO RIO GRANDE DO NORTE - CAMPUS SÃO PAULO DO POTENGI;08-10-2013;Nordeste;RN;São Paulo do Potengi;Agreste Potiguar;Agreste Potiguar
2927;INSTITUTO FEDERAL DE RONDÔNIA - CAMPUS ARIQUEMES;07-01-2009;Norte;RO;Ariquemes;Leste Rondoniense;Ariquemes
14208;INSTITUTO FEDERAL DE RORAIMA - CAMPUS AMAJARI;07-01-2009;Norte;RR;Amajari;Norte de Roraima;Boa Vista
31391;INSTITUTO FEDERAL DE RORAIMA CAMPUS ZONA OESTE;07-10-2013;Norte;RR;Boa Vista;Norte de Roraima;Boa Vista
43147;INSTITUTO FEDERAL DE RORAIMA CAMPUS AVANÇADO BONFIM;22-01-2015;Norte;RR;Bonfim;Norte de Roraima;Nordeste de Roraima
2930;INSTITUTO FEDERAL SUL-RIO-GRANDENSE - CAMPUS CHARQUEADAS;07-01-2009;Sul;RS;Charqueadas;Metropolitana de Porto Alegre;São Jerônimo
32059;INSTITUTO FEDERAL DE SÃO PAULO CAMPUS AVANÇADO ARARAS;29-12-2008;Sudeste;SP;Araras;Piracicaba;Limeira
14342;INSTITUTO FEDERAL DE SÃO PAULO - CAMPUS BOITUVA;30-12-2008;Sudeste;SP;Boituva;Itapetininga;Tatuí
2848;INSTITUTO FEDERAL DE SÃO PAULO - CAMPUS CARAGUATATUBA;30-12-2008;Sudeste;SP;Caraguatatuba;Vale do Paraíba Paulista;Caraguatatuba
32047;INSTITUTO FEDERAL FARROUPILHA CAMPUS AVANÇADO URUGUAIANA;31-01-2014;Sul;RS;Uruguaiana;Sudoeste Rio-grandense;Campanha Ocidental
32009;INSTITUTO FEDERAL DO RIO GRANDE DO SUL CAMPUS VIAMÃO;28-12-2008;Sul;RS;Viamão;Metropolitana de Porto Alegre;Porto Alegre
2833;INSTITUTO FEDERAL CATARINENSE - CAMPUS ARAQUARI;07-01-2009;Sul;SC;Araquari;Norte Catarinense;Joinville
14253;INSTITUTO FEDERAL DE SANTA CATARINA - CAMPUS CANOINHAS;07-01-2009;Sul;SC;Canoinhas;Norte Catarinense;Canoinhas
20410;INSTITUTO FEDERAL CATARINENSE - CAMPUS LUZERNA;29-12-2008;Sul;SC;Luzerna;Oeste Catarinense;Joaçaba
2992;INSTITUTO FEDERAL CATARINENSE - CAMPUS RIO DO SUL;07-01-2009;Sul;SC;Rio do Sul;Vale do Itajaí;Rio do Sul
32067;INSTITUTO FEDERAL DE SÃO PAULO CAMPUS AVANÇADO SOROCABA;29-12-2008;Sudeste;SP;Sorocaba;Macro Metropolitana Paulista;Sorocaba
32026;INSTITUTO FEDERAL DO TOCANTINS - CAMPUS COLINAS DO TOCANTINS;22-01-2014;Norte;TO;Colinas do Tocantins;Ocidental do Tocantins;Araguaína
2971;INSTITUTO FEDERAL DO TOCANTINS - CAMPUS PARAÍSO DO TOCANTINS;07-01-2009;Norte;TO;Paraíso do Tocantins;Ocidental do Tocantins;Rio Formoso
32455;INSTITUTO FEDERAL DO AMAZONAS - CAMPUS ITACOATIARA;22-01-2014;Norte;AM;Itacoatiara;Centro Amazonense;Itacoatiara
20097;INSTITUTO FEDERAL DA BAHIA - CAMPUS JEQUIÉ;29-12-2009;Nordeste;BA;Jequié;Centro Sul Baiano;Jequié
14551;INSTITUTO FEDERAL DE ALAGOAS - CAMPUS MURICI;06-07-2010;Nordeste;AL;Murici;Leste Alagoano;Mata Alagoana
32133;INSTITUTO FEDERAL DO MARANHÃO CAMPUS GRAJAÚ;08-10-2013;Nordeste;MA;Grajaú;Centro Maranhense;Alto Mearim e Grajaú
42173;INSTITUTO FEDERAL DO MARANHÃO CAMPUS AVANÇADO ROSÁRIO;30-12-2013;Nordeste;MA;Rosário;Norte Maranhense;Rosário
2911;INSTITUTO FEDERAL DO MARANHÃO - CAMPUS SANTA INÊS;07-01-2009;Nordeste;MA;Santa Inês;Oeste Maranhense;Pindaré
2952;INSTITUTO FEDERAL BAIANO - CAMPUS VALENÇA;07-01-2009;Nordeste;BA;Valença;Sul Baiano;Valença
13842;INSTITUTO FEDERAL DO CEARÁ - CAMPUS CANINDÉ;09-01-2009;Nordeste;CE;Canindé;Norte Cearense;Canindé
2989;INSTITUTO FEDERAL DO CEARÁ - CAMPUS CRATO;07-01-2009;Nordeste;CE;Crato;Sul Cearense;Cariri
20437;INSTITUTO FEDERAL DO CEARÁ - CAMPUS TABULEIRO DO NORTE;29-12-2008;Nordeste;CE;Tabuleiro do Norte;Jaguaribe;Baixo Jaguaribe
32334;INSTITUTO FEDERAL DE BRASÍLIA CAMPUS AVANÇADO SOBRADINHO;24-01-2014;Centro-Oeste;DF;Brasília;Distrito Federal;Brasília
21778;INSTITUTO FEDERAL DE BRASÍLIA CAMPUS ESTRUTURAL;23-04-2012;Centro-Oeste;DF;Brasília;Distrito Federal;Brasília
13369;INSTITUTO FEDERAL DE BRASÍLIA - CAMPUS GAMA;07-01-2009;Centro-Oeste;DF;Brasília;Distrito Federal;Brasília
32229;INSTITUTO FEDERAL GOIANO CAMPUS CAMPOS BELOS;29-12-2008;Centro-Oeste;GO;Campos Belos;Norte Goiano;Chapada dos Veadeiros
32225;INSTITUTO FEDERAL GOIANO CAMPUS AVANÇADO CATALÃO;30-12-2013;Centro-Oeste;GO;Catalão;Sul Goiano;Catalão
14085;INSTITUTO FEDERAL GOIANO - CAMPUS IPORÁ;06-01-2009;Centro-Oeste;GO;Iporá;Centro Goiano;Iporá
3508;INSTITUTO FEDERAL DE GOIÁS - CAMPUS ITUMBIARA;28-12-2008;Centro-Oeste;GO;Itumbiara;Sul Goiano;Meia Ponte
3367;INSTITUTO FEDERAL DO TRIÂNGULO MINEIRO - CAMPUS ITUIUTABA;30-12-2008;Sudeste;MG;Ituiutaba;Triângulo Mineiro/Alto Paranaíba;Ituiutaba
42112;INSTITUTO FEDERAL DE MINAS GERAIS - CAMPUS AVANÇADO PIUMHI;30-12-2013;Sudeste;MG;Piumhi;Oeste de Minas;Piuí
2906;INSTITUTO FEDERAL DO MARANHÃO - CAMPUS ZÉ DOCA;07-01-2009;Nordeste;MA;Zé Doca;Oeste Maranhense;Pindaré
3036;CENTRO FEDERAL DE EDUCAÇÃO TECNOLÓGICA DE MINAS GERAIS - UNIDADE BELO HORIZONTE;07-01-2009;Sudeste;MG;Belo Horizonte;Metropolitana de Belo Horizonte;Belo Horizonte
32142;INSTITUTO FEDERAL DO SUDESTE DE MINAS GERAIS CAMPUS AVANÇADO BOM SUCESSO;20-09-2011;Sudeste;MG;Bom Sucesso;Oeste de Minas;Oliveira
32049;INSTITUTO FEDERAL DO PARÁ - CAMPUS AVANÇADO VIGIA;22-01-2014;Norte;PA;Vigia;Nordeste Paraense;Salgado
42206;INSTITUTO FEDERAL DO SUDESTE DE MINAS GERAIS CAMPUS AVANÇADO UBÁ;30-12-2013;Sudeste;MG;Ubá;Zona da Mata;Ubá
13894;INSTITUTO FEDERAL DO MATO GROSSO DO SUL - CAMPUS PONTA PORÃ;08-07-2010;Centro-Oeste;MS;Ponta Porã;Sudoeste de Mato Grosso do Sul;Dourados
44306;INSTITUTO FEDERAL DE MATO GROSSO - CAMPUS AVANÇADO LUCAS DO RIO VERDE;09-05-2016;Centro-Oeste;MT;Lucas do Rio Verde;Norte Mato-grossense;Alto Teles Pires
20148;INSTITUTO FEDERAL DE MATO GROSSO - CAMPUS RONDONÓPOLIS;07-01-2009;Centro-Oeste;MT;Rondonópolis;Sudeste Mato-grossense;Rondonópolis
20454;INSTITUTO FEDERAL DE MATO GROSSO - CAMPUS SORRISO;29-12-2008;Centro-Oeste;MT;Sorriso;Norte Mato-grossense;Alto Teles Pires
42681;INSTITUTO FEDERAL DE MATO GROSSO - CAMPUS VÁRZEA GRANDE;07-10-2013;Centro-Oeste;MT;Várzea Grande;Centro-Sul Mato-grossense;Cuiabá
32043;INSTITUTO FEDERAL DO PARÁ CAMPUS ANANINDEUA;22-01-2014;Norte;PA;Ananindeua;Metropolitana de Belém;Belém
32074;INSTITUTO FEDERAL DO PARÁ - CAMPUS ÓBIDOS;08-10-2013;Norte;PA;Óbidos;Baixo Amazonas;Óbidos
3199;UNIVERSIDADE TECNOLÓGICA FEDERAL DO PARANÁ - CAMPUS CAMPO MOURÃO;13-05-1994;Sul;PR;Campo Mourão;Centro Ocidental Paranaense;Campo Mourão
3258;INSTITUTO FEDERAL DO PARANÁ - CAMPUS FOZ DO IGUAÇU;06-01-2009;Sul;PR;Foz do Iguaçu;Oeste Paranaense;Foz do Iguaçu
13777;INSTITUTO FEDERAL DO PARANÁ - CAMPUS LONDRINA;28-12-2008;Sul;PR;Londrina;Norte Central Paranaense;Londrina
32363;INSTITUTO FEDERAL DE PERNAMBUCO - CAMPUS OLINDA;22-01-2014;Nordeste;PE;Olinda;Metropolitana de Recife;Recife
2875;INSTITUTO FEDERAL DO SERTÃO PERNAMBUCANO - CAMPUS PETROLINA ZONA RURAL;07-01-2009;Nordeste;PE;Petrolina;São Francisco Pernambucano;Petrolina
14185;INSTITUTO FEDERAL DO SERTÃO PERNAMBUCANO - CAMPUS SALGUEIRO;21-09-2010;Nordeste;PE;Salgueiro;Sertão Pernambucano;Salgueiro
31989;INSTITUTO FEDERAL DO PIAUÍ - CAMPUS CAMPO MAIOR;24-01-2014;Nordeste;PI;Campo Maior;Centro-Norte Piauiense;Campo Maior
2923;INSTITUTO FEDERAL DO PIAUÍ - CAMPUS PARNAÍBA;07-01-2009;Nordeste;PI;Parnaíba;Norte Piauiense;Litoral Piauiense
20428;INSTITUTO FEDERAL DO PIAUÍ - CAMPUS SÃO JOÃO DO PIAUÍ;29-12-2008;Nordeste;PI;São João do Piauí;Sudeste Piauiense;Alto Médio Canindé
42043;INSTITUTO FEDERAL SULRIOGRANDENSE CAMPUS GRAVATAÍ;31-12-2013;Sul;RS;Gravataí;Metropolitana de Porto Alegre;Porto Alegre
3736;INSTITUTO FEDERAL SUL-RIO-GRANDENSE - CAMPUS PELOTAS VISCONDE DA GRAÇA;29-12-2008;Sul;RS;Pelotas;Sudeste Rio-grandense;Pelotas
20442;INSTITUTO FEDERAL SUL-RIO-GRANDENSE - CAMPUS SANTANA DO LIVRAMENTO;24-04-2013;Sul;RS;Sant'Ana do Livramento;Sudoeste Rio-grandense;Campanha Central
2934;INSTITUTO FEDERAL FARROUPILHA - CAMPUS SANTO AUGUSTO;07-01-2009;Sul;RS;Santo Augusto;Noroeste Rio-grandense;Ijuí
2935;INSTITUTO FEDERAL FARROUPILHA - CAMPUS SÃO VICENTE DO SUL;07-01-2009;Sul;RS;São Vicente do Sul;Centro Ocidental Rio-grandense;Santa Maria
13774;INSTITUTO FEDERAL DO PARANÁ - CAMPUS TELÊMACO BORBA;28-12-2008;Sul;PR;Telêmaco Borba;Centro Oriental Paranaense;Telêmaco Borba
13771;INSTITUTO FEDERAL DO PARANÁ - CAMPUS UMUARAMA;28-12-2008;Sul;PR;Umuarama;Noroeste Paranaense;Umuarama
20445;INSTITUTO FEDERAL DO RIO DE JANEIRO - CAMPUS ARRAIAL DO CABO;29-12-2008;Sudeste;RJ;Arraial do Cabo;Baixadas;Lagos
3008;INSTITUTO FEDERAL FLUMINENSE - CAMPUS BOM JESUS DO ITABAPOANA;07-01-2009;Sudeste;RJ;Bom Jesus do Itabapoana;Noroeste Fluminense;Itaperuna
3009;INSTITUTO FEDERAL FLUMINENSE - CAMPUS CAMPOS CENTRO;07-01-2009;Sudeste;RJ;Campos dos Goytacazes;Norte Fluminense;Campos dos Goytacazes
20565;COLÉGIO PEDRO II - CAMPUS DUQUE DE CAXIAS CP;17-11-2008;Sudeste;RJ;Duque de Caxias;Metropolitana do Rio de Janeiro;Rio de Janeiro
20446;INSTITUTO FEDERAL DO RIO DE JANEIRO - CAMPUS ENGENHEIRO PAULO DE FRONTIN;29-12-2008;Sudeste;RJ;Engenheiro Paulo de Frontin;Metropolitana do Rio de Janeiro;Vassouras
3062;CENTRO FEDERAL DE EDUCAÇÃO TECNOLÓGICA CELSO SUCKOW DA FONSECA - UNED NOVA IGUAÇU;07-01-2009;Sudeste;RJ;Nova Iguaçu;Metropolitana do Rio de Janeiro;Rio de Janeiro
3582;CENTRO FEDERAL DE EDUCAÇÃO TECNOLÓGICA CELSO SUCKOW DA FONSECA - UNED PETRÓPOLIS;09-06-2008;Sudeste;RJ;Petrópolis;Metropolitana do Rio de Janeiro;Serrana
2942;INSTITUTO FEDERAL DO RIO DE JANEIRO - CAMPUS RIO DE JANEIRO;07-01-2009;Sudeste;RJ;Rio de Janeiro;Metropolitana do Rio de Janeiro;Rio de Janeiro
3005;INSTITUTO FEDERAL DO RIO DE JANEIRO - CAMPUS SÃO GONÇALO;07-01-2009;Sudeste;RJ;São Gonçalo;Metropolitana do Rio de Janeiro;Rio de Janeiro
3479;UNIVERSIDADE FEDERAL DO RIO GRANDE DO NORTE - ESCOLA AGRÍCOLA DE JUNDIAÍ DA UFRN;19-12-2007;Nordeste;RN;Macaíba;Leste Potiguar;Macaíba
2936;INSTITUTO FEDERAL DO RIO GRANDE DO SUL - CAMPUS BENTO GONÇALVES;07-01-2009;Sul;RS;Bento Gonçalves;Nordeste Rio-grandense;Caxias do Sul
2847;INSTITUTO FEDERAL DE SÃO PAULO - CAMPUS BRAGANÇA PAULISTA;30-12-2008;Sudeste;SP;Bragança Paulista;Macro Metropolitana Paulista;Bragança Paulista
2818;INSTITUTO FEDERAL DE SÃO PAULO - CAMPUS GUARULHOS;30-12-2008;Sudeste;SP;Guarulhos;Metropolitana de São Paulo;Guarulhos
32014;INSTITUTO FEDERAL DO RIO GRANDE DO SUL - CAMPUS VACARIA;28-12-2008;Sul;RS;Vacaria;Nordeste Rio-grandense;Vacaria
2826;INSTITUTO FEDERAL DE SANTA CATARINA - CAMPUS FLORIANÓPOLIS CONTINENTE;07-01-2009;Sul;SC;Florianópolis;Grande Florianópolis;Florianópolis
14235;INSTITUTO FEDERAL DE SANTA CATARINA - CAMPUS GAROPABA;07-01-2009;Sul;SC;Garopaba;Sul Catarinense;Tubarão
14254;INSTITUTO FEDERAL DE SANTA CATARINA - CAMPUS GASPAR;07-01-2009;Sul;SC;Gaspar;Vale do Itajaí;Blumenau
2827;INSTITUTO FEDERAL DE SANTA CATARINA - CAMPUS JARAGUÁ DO SUL;07-01-2009;Sul;SC;Jaraguá do Sul;Norte Catarinense;Joinville
14262;INSTITUTO FEDERAL DE SANTA CATARINA - CAMPUS URUPEMA;07-01-2009;Sul;SC;Urupema;Serrana;Campos de Lages
20063;INSTITUTO FEDERAL DE SERGIPE - CAMPUS ITABAIANA;30-12-2008;Nordeste;SE;Itabaiana;Agreste Sergipano;Agreste de Itabaiana
14036;INSTITUTO FEDERAL DE SÃO PAULO - CAMPUS PIRACICABA;30-12-2008;Sudeste;SP;Piracicaba;Piracicaba;Piracicaba
21809;INSTITUTO FEDERAL DE SÃO PAULO - CAMPUS SÃO JOSÉ DOS CAMPOS;30-01-2012;Sudeste;SP;São José dos Campos;Vale do Paraíba Paulista;São José dos Campos
14038;INSTITUTO FEDERAL DE SÃO PAULO - CAMPUS VOTUPORANGA;30-12-2008;Sudeste;SP;Votuporanga;São José do Rio Preto;Votuporanga
2972;INSTITUTO FEDERAL DO TOCANTINS - CAMPUS ARAGUATINS;07-01-2009;Norte;TO;Araguatins;Ocidental do Tocantins;Bico do Papagaio
21815;INSTITUTO FEDERAL DO TOCANTINS - CAMPUS DIANÓPOLIS;30-12-2008;Norte;TO;Dianópolis;Oriental do Tocantins;Dianópolis
13825;INSTITUTO FEDERAL DO TOCANTINS - CAMPUS GURUPI;07-01-2009;Norte;TO;Gurupi;Ocidental do Tocantins;Gurupi
13824;INSTITUTO FEDERAL DO TOCANTINS - CAMPUS PORTO NACIONAL;07-01-2009;Norte;TO;Porto Nacional;Oriental do Tocantins;Porto Nacional
14553;INSTITUTO FEDERAL DE ALAGOAS - CAMPUS SÃO MIGUEL DOS CAMPOS;06-07-2010;Nordeste;AL;São Miguel dos Campos;Leste Alagoano;São Miguel dos Campos
32454;INSTITUTO FEDERAL DO AMAZONAS - CAMPUS TEFÉ;22-01-2014;Norte;AM;Tefé;Centro Amazonense;Tefé
2945;INSTITUTO FEDERAL BAIANO - CAMPUS GUANAMBI;07-01-2009;Nordeste;BA;Guanambi;Centro Sul Baiano;Guanambi
44280;INSTITUTO FEDERAL BAIANO CAMPUS ITABERABA;10-05-2016;Nordeste;BA;Itaberaba;Centro Norte Baiano;Itaberaba
13912;INSTITUTO FEDERAL DO ACRE - CAMPUS RIO BRANCO;29-12-2008;Norte;AC;Rio Branco;Vale do Acre;Rio Branco
42624;INSTITUTO FEDERAL DO ACRE - CAMPUS TARAUACÁ;07-10-2013;Norte;AC;Tarauacá;Vale do Juruá;Tarauacá
2954;INSTITUTO FEDERAL GOIANO - CAMPUS RIO VERDE;07-01-2009;Centro-Oeste;GO;Rio Verde;Sul Goiano;Sudoeste de Goiás
42670;INSTITUTO FEDERAL DE GOIÁS - CAMPUS SENADOR CANEDO;10-06-2014;Centro-Oeste;GO;Senador Canedo;Centro Goiano;Goiânia
2910;INSTITUTO FEDERAL DO MARANHÃO - CAMPUS AÇAILÂNDIA;07-01-2009;Nordeste;MA;Açailândia;Oeste Maranhense;Imperatriz
13886;INSTITUTO FEDERAL DO MARANHÃO - CAMPUS ALCÂNTARA;29-12-2008;Nordeste;MA;Alcântara;Norte Maranhense;Litoral Ocidental Maranhense
20290;INSTITUTO FEDERAL DO MARANHÃO - CAMPUS PINHEIRO;30-12-2008;Nordeste;MA;Pinheiro;Norte Maranhense;Baixada Maranhense
2903;INSTITUTO FEDERAL DO MARANHÃO - CAMPUS SÃO LUÍS MARACANÃ;07-01-2009;Nordeste;MA;São Luís;Norte Maranhense;Aglomeração Urbana de São Luís
2949;INSTITUTO FEDERAL BAIANO - CAMPUS SENHOR DO BONFIM;07-01-2009;Nordeste;BA;Senhor do Bonfim;Centro Norte Baiano;Senhor do Bonfim
2990;INSTITUTO FEDERAL DO CEARÁ - CAMPUS IGUATU;07-01-2009;Nordeste;CE;Iguatu;Centro-Sul Cearense;Iguatu
31995;INSTITUTO FEDERAL DO CEARÁ CAMPUS ITAPIPOCA;22-01-2014;Nordeste;CE;Itapipoca;Norte Cearense;Itapipoca
2988;INSTITUTO FEDERAL DO CEARÁ - CAMPUS MARACANAÚ;07-01-2009;Nordeste;CE;Maracanaú;Metropolitana de Fortaleza;Fortaleza
31090;INSTITUTO FEDERAL DO CEARÁ - CAMPUS UMIRIM;24-04-2013;Nordeste;CE;Umirim;Norte Cearense;Uruburetama
13349;INSTITUTO FEDERAL DE BRASÍLIA - CAMPUS BRASÍLIA;07-01-2009;Centro-Oeste;DF;Brasília;Distrito Federal;Brasília
2894;INSTITUTO FEDERAL DO ESPÍRITO SANTO - CAMPUS CACHOEIRO DE ITAPEMIRIM;07-01-2009;Sudeste;ES;Cachoeiro de Itapemirim;Sul Espírito-santense;Cachoeiro de Itapemirim
2892;INSTITUTO FEDERAL DO ESPÍRITO SANTO - CAMPUS CARIACICA;07-01-2009;Sudeste;ES;Cariacica;Central Espírito-santense;Vitória
3520;INSTITUTO FEDERAL DO ESPÍRITO SANTO - CAMPUS NOVA VENÉCIA;10-06-2008;Sudeste;ES;Nova Venécia;Noroeste Espírito-santense;Nova Venécia
2898;INSTITUTO FEDERAL DO ESPÍRITO SANTO - CAMPUS SANTA TERESA;07-01-2009;Sudeste;ES;Santa Teresa;Central Espírito-santense;Santa Teresa
2900;INSTITUTO FEDERAL DO ESPÍRITO SANTO - CAMPUS SERRA;07-01-2009;Sudeste;ES;Serra;Central Espírito-santense;Vitória
20113;INSTITUTO FEDERAL DO ESPÍRITO SANTO - CAMPUS VILA VELHA;07-01-2009;Sudeste;ES;Vila Velha;Central Espírito-santense;Vitória
3001;INSTITUTO FEDERAL DE GOIÁS - CAMPUS GOIÂNIA;07-01-2009;Centro-Oeste;GO;Goiânia;Centro Goiano;Goiânia
42148;INSTITUTO FEDERAL DO NORTE DE MINAS GERAIS CAMPUS AVANÇADO JANAÚBA;30-12-2013;Sudeste;MG;Janaúba;Norte de Minas;Janaúba
2998;INSTITUTO FEDERAL DO SUL DE MINAS GERAIS - CAMPUS MACHADO;07-01-2009;Sudeste;MG;Machado;Sul/Sudoeste de Minas;Alfenas
14171;INSTITUTO FEDERAL DO NORTE DE MINAS GERAIS - CAMPUS MONTES CLAROS;07-01-2009;Sudeste;MG;Montes Claros;Norte de Minas;Montes Claros
30702;INSTITUTO FEDERAL DO TRIÂNGULO MINEIRO - CAMPUS PATOS DE MINAS;23-04-2013;Sudeste;MG;Patos de Minas;Triângulo Mineiro/Alto Paranaíba;Patos de Minas
32022;INSTITUTO FEDERAL DO SUL DE MINAS GERAIS - CAMPUS AVANÇADO CARMO DE MINAS;22-01-2014;Sudeste;MG;Carmo de Minas;Sul/Sudoeste de Minas;São Lourenço
13561;CENTRO FEDERAL DE EDUCAÇÃO TECNOLÓGICA DE MINAS GERAIS - UNED CURVELO;11-02-2010;Sudeste;MG;Curvelo;Central Mineira;Curvelo
42124;INSTITUTO FEDERAL DO NORTE DE MINAS GERAIS CAMPUS DIAMANTINA;30-12-2013;Sudeste;MG;Diamantina;Jequitinhonha;Diamantina
12566;UNIVERSIDADE FEDERAL DE VIÇOSA - CENTRO DE ENSINO E DESENVOLVIMENTO AGRÁRIO DA UFV;26-05-1948;Sudeste;MG;Florestal;Metropolitana de Belo Horizonte;Pará de Minas
32027;INSTITUTO FEDERAL DA PARAÍBA CAMPUS CATOLÉ DO ROCHA;20-01-2014;Nordeste;PB;Catolé do Rocha;Sertão Paraibano;Catolé do Rocha
32029;INSTITUTO FEDERAL DA PARAÍBA CAMPUS ESPERANÇA;20-01-2014;Nordeste;PB;Esperança;Agreste Paraibano;Esperança
20808;INSTITUTO FEDERAL DA PARAÍBA - CAMPUS GUARABIRA;19-07-2011;Nordeste;PB;Guarabira;Agreste Paraibano;Guarabira
3567;INSTITUTO FEDERAL DA PARAÍBA - CAMPUS PICUÍ;07-01-2009;Nordeste;PB;Picuí;Borborema;Seridó Oriental Paraibano
3566;INSTITUTO FEDERAL DA PARAÍBA - CAMPUS PRINCESA ISABEL;07-01-2009;Nordeste;PB;Princesa Isabel;Sertão Paraibano;Serra do Teixeira
42347;INSTITUTO FEDERAL DA PARAÍBA CAMPUS SANTA RITA;20-01-2014;Nordeste;PB;Santa Rita;Mata Paraibana;João Pessoa
32118;INSTITUTO FEDERAL DE PERNAMBUCO - CAMPUS CABO DE SANTO AGOSTINHO;07-10-2013;Nordeste;PE;Cabo de Santo Agostinho;Metropolitana de Recife;Suape
14103;INSTITUTO FEDERAL DE PERNAMBUCO - CAMPUS CARUARU;07-01-2009;Nordeste;PE;Caruaru;Agreste Pernambucano;Vale do Ipojuca
20415;INSTITUTO FEDERAL DO SUDESTE DE MINAS GERAIS - CAMPUS SANTOS DUMONT;29-12-2008;Sudeste;MG;Santos Dumont;Zona da Mata;Juiz de Fora
2995;INSTITUTO FEDERAL DE MINAS GERAIS - CAMPUS SÃO JOÃO EVANGELISTA;07-01-2009;Sudeste;MG;São João Evangelista;Vale do Rio Doce;Guanhães
12877;UNIVERSIDADE FEDERAL DO TRIÂNGULO MINEIRO - CENTRO DE FORMAÇÃO ESPECIAL EM SAÚDE DA UFTM;29-06-1990;Sudeste;MG;Uberaba;Triângulo Mineiro/Alto Paranaíba;Uberaba
42736;INSTITUTO FEDERAL DO TRIÂNGULO MINEIRO - CAMPUS AVANÇADO UBERABA PARQUE TECNOLÓGICO;22-01-2014;Sudeste;MG;Uberaba;Triângulo Mineiro/Alto Paranaíba;Uberaba
31981;INSTITUTO FEDERAL DE MATO GROSSO - CAMPUS AVANÇADO DIAMANTINO;22-01-2014;Centro-Oeste;MT;Diamantino;Norte Mato-grossense;Parecis
31284;INSTITUTO FEDERAL DE MATO GROSSO - CAMPUS PRIMAVERA DO LESTE;08-10-2013;Centro-Oeste;MT;Primavera do Leste;Sudeste Mato-grossense;Primavera do Leste
2914;INSTITUTO FEDERAL DO PARÁ - CAMPUS BELÉM;30-12-2008;Norte;PA;Belém;Metropolitana de Belém;Belém
2919;INSTITUTO FEDERAL DO PARÁ - CAMPUS MARABÁ INDUSTRIAL;07-01-2009;Norte;PA;Marabá;Sudeste Paraense;Marabá
3093;UNIVERSIDADE TECNOLÓGICA FEDERAL DO PARANÁ - CAMPUS CURITIBA U;04-07-1978;Sul;PR;Curitiba;Metropolitana de Curitiba;Curitiba
3182;UNIVERSIDADE TECNOLÓGICA FEDERAL DO PARANÁ - CAMPUS DOIS VIZINHOS;04-09-2003;Sul;PR;Dois Vizinhos;Sudoeste Paranaense;Francisco Beltrão
43385;INSTITUTO FEDERAL DO PARANÁ CAMPUS AVANÇADO GOIOERÊ;18-06-2012;Sul;PR;Goioerê;Centro Ocidental Paranaense;Goioerê
13775;INSTITUTO FEDERAL DO PARANÁ - CAMPUS IVAIPORÃ;28-12-2008;Sul;PR;Ivaiporã;Norte Central Paranaense;Ivaiporã
3383;UNIVERSIDADE TECNOLÓGICA FEDERAL DO PARANÁ - CAMPUS PATO BRANCO;07-10-2005;Sul;PR;Pato Branco;Sudoeste Paranaense;Pato Branco
32132;INSTITUTO FEDERAL DE PERNAMBUCO - CAMPUS JABOATÃO DOS GUARARAPES;29-12-2008;Nordeste;PE;Jaboatão dos Guararapes;Metropolitana de Recife;Recife
32042;INSTITUTO FEDERAL DO SERTÃO PERNAMBUCANO - CAMPUS SERRA TALHADA;06-01-2009;Nordeste;PE;Serra Talhada;Sertão Pernambucano;Pajeú
2860;INSTITUTO FEDERAL DE PERNAMBUCO - CAMPUS VITÓRIA DE SANTO ANTÃO;07-01-2009;Nordeste;PE;Vitória de Santo Antão;Mata Pernambucana;Vitória de Santo Antão
13291;INSTITUTO FEDERAL DO PIAUÍ - CAMPUS ANGICAL DO PIAUÍ;07-01-2009;Nordeste;PI;Angical do Piauí;Centro-Norte Piauiense;Médio Parnaíba Piauiense
20429;INSTITUTO FEDERAL DO PIAUÍ - CAMPUS PEDRO II;29-12-2008;Nordeste;PI;Pedro II;Centro-Norte Piauiense;Campo Maior
2920;INSTITUTO FEDERAL DO PIAUÍ - CAMPUS TERESINA CENTRAL;07-01-2009;Nordeste;PI;Teresina;Centro-Norte Piauiense;Teresina
4243;INSTITUTO FEDERAL DO PIAUÍ - CAMPUS TERESINA ZONA SUL;07-01-2009;Nordeste;PI;Teresina;Centro-Norte Piauiense;Teresina
31963;INSTITUTO FEDERAL DO PARANÁ CAMPUS AVANÇADO BARRACÃO;18-06-2012;Sul;PR;Barracão;Sudoeste Paranaense;Francisco Beltrão
13802;INSTITUTO FEDERAL DO RIO GRANDE DO SUL - CAMPUS PORTO ALEGRE RESTINGA;29-12-2008;Sul;RS;Porto Alegre;Metropolitana de Porto Alegre;Porto Alegre
12739;UNIVERSIDADE FEDERAL DE SANTA MARIA - COLÉGIO TÉCNICO INDUSTRIAL DA UNIVERSIDADE FEDERAL DE SANTA MARIA;11-10-1967;Sul;RS;Santa Maria;Centro Ocidental Rio-grandense;Santa Maria
13478;INSTITUTO FEDERAL FARROUPILHA - CAMPUS SANTA ROSA;07-01-2009;Sul;RS;Santa Rosa;Noroeste Rio-grandense;Santa Rosa
42149;INSTITUTO FEDERAL DO RIO DE JANEIRO CAMPUS BELFORD ROXO;30-12-2013;Sudeste;RJ;Belford Roxo;Metropolitana do Rio de Janeiro;Rio de Janeiro
3232;INSTITUTO FEDERAL FLUMINENSE - CAMPUS CABO FRIO;07-01-2009;Sudeste;RJ;Cabo Frio;Baixadas;Lagos
3010;INSTITUTO FEDERAL FLUMINENSE - CAMPUS CAMPOS GUARUS;07-01-2009;Sudeste;RJ;Campos dos Goytacazes;Norte Fluminense;Campos dos Goytacazes
3231;INSTITUTO FEDERAL FLUMINENSE - CAMPUS ITAPERUNA;06-01-2009;Sudeste;RJ;Itaperuna;Noroeste Fluminense;Itaperuna
2943;INSTITUTO FEDERAL DO RIO DE JANEIRO - CAMPUS PARACAMBI;07-01-2009;Sudeste;RJ;Paracambi;Metropolitana do Rio de Janeiro;Vassouras
31977;INSTITUTO FEDERAL DO RIO DE JANEIRO CAMPUS AVANÇADO RESENDE;29-12-2008;Sudeste;RJ;Resende;Sul Fluminense;Vale do Paraíba Fluminense
1699;COLÉGIO PEDRO II - CAMPUS CENTRO;17-11-2008;Sudeste;RJ;Rio de Janeiro;Metropolitana do Rio de Janeiro;Rio de Janeiro
2964;INSTITUTO FEDERAL DO RIO GRANDE DO NORTE - CAMPUS IPANGUAÇU;29-06-2006;Nordeste;RN;Ipanguaçu;Oeste Potiguar;Vale do Açu
2959;INSTITUTO FEDERAL DO RIO GRANDE DO NORTE - CAMPUS NATAL CENTRAL;07-01-2009;Nordeste;RN;Natal;Leste Potiguar;Natal
2926;INSTITUTO FEDERAL DE RONDÔNIA - CAMPUS COLORADO DO OESTE;07-01-2009;Norte;RO;Colorado do Oeste;Leste Rondoniense;Colorado do Oeste
13776;INSTITUTO FEDERAL DE RONDÔNIA - CAMPUS VILHENA;29-12-2008;Norte;RO;Vilhena;Leste Rondoniense;Vilhena
2932;INSTITUTO FEDERAL FARROUPILHA - CAMPUS ALEGRETE;07-01-2009;Sul;RS;Alegrete;Sudoeste Rio-grandense;Campanha Ocidental
13827;INSTITUTO FEDERAL SUL-RIO-GRANDENSE - CAMPUS BAGÉ;07-01-2009;Sul;RS;Bagé;Sudoeste Rio-grandense;Campanha Meridional
2938;INSTITUTO FEDERAL DO RIO GRANDE DO SUL - CAMPUS CANOAS;07-01-2009;Sul;RS;Canoas;Metropolitana de Porto Alegre;Porto Alegre
32015;INSTITUTO FEDERAL DE SERGIPE CAMPUS TOBIAS BARRETO;22-01-2014;Nordeste;SE;Tobias Barreto;Agreste Sergipano;Tobias Barreto
20388;INSTITUTO FEDERAL DE SÃO PAULO - CAMPUS AVARÉ;02-02-2011;Sudeste;SP;Avaré;Bauru;Avaré
14034;INSTITUTO FEDERAL DE SÃO PAULO - CAMPUS BARRETOS;30-12-2008;Sudeste;SP;Barretos;Ribeirão Preto;Barretos
14033;INSTITUTO FEDERAL DE SÃO PAULO - CAMPUS BIRIGUI;30-12-2008;Sudeste;SP;Birigui;Araçatuba;Birigui
14311;INSTITUTO FEDERAL DE SÃO PAULO - CAMPUS CAPIVARI;02-02-2010;Sudeste;SP;Capivari;Piracicaba;Piracicaba
42488;INSTITUTO FEDERAL DO RIO GRANDE DO SUL CAMPUS AVANÇADO VERANÓPOLIS;30-12-2013;Sul;RS;Veranópolis;Nordeste Rio-grandense;Caxias do Sul
3028;INSTITUTO FEDERAL DE SANTA CATARINA - CAMPUS ARARANGUÁ;07-01-2009;Sul;SC;Araranguá;Sul Catarinense;Araranguá
20426;INSTITUTO FEDERAL CATARINENSE - CAMPUS BLUMENAU;29-12-2008;Sul;SC;Blumenau;Vale do Itajaí;Blumenau
31328;INSTITUTO FEDERAL CATARINENSE CAMPUS BRUSQUE;07-10-2013;Sul;SC;Brusque;Vale do Itajaí;Blumenau
14261;INSTITUTO FEDERAL DE SANTA CATARINA - CAMPUS JARAGUÁ DO SUL RAU;07-01-2009;Sul;SC;Jaraguá do Sul;Norte Catarinense;Joinville
14258;INSTITUTO FEDERAL DE SANTA CATARINA - CAMPUS PALHOÇA;07-01-2009;Sul;SC;Palhoça;Grande Florianópolis;Florianópolis
31324;INSTITUTO FEDERAL DE SANTA CATARINA CAMPUS SÃO CARLOS;07-01-2009;Sul;SC;São Carlos;Oeste Catarinense;Chapecó
20570;INSTITUTO FEDERAL CATARINENSE - CAMPUS SÃO FRANCISCO DO SUL;28-02-2011;Sul;SC;São Francisco do Sul;Norte Catarinense;Joinville
2981;INSTITUTO FEDERAL DE SERGIPE - CAMPUS ARACAJU;07-01-2009;Nordeste;SE;Aracaju;Leste Sergipano;Aracaju
14552;INSTITUTO FEDERAL DE ALAGOAS - CAMPUS SANTANA DO IPANEMA;06-07-2010;Nordeste;AL;Santana do Ipanema;Sertão Alagoano;Santana do Ipanema
2897;INSTITUTO FEDERAL DO AMAZONAS - CAMPUS COARI;07-01-2009;Norte;AM;Coari;Centro Amazonense;Coari
2893;INSTITUTO FEDERAL DO AMAZONAS - CAMPUS MANAUS DISTRITO INDUSTRIAL;07-01-2009;Norte;AM;Manaus;Centro Amazonense;Manaus
13783;INSTITUTO FEDERAL DO AMAZONAS - CAMPUS MAUÉS;29-12-2008;Norte;AM;Maués;Centro Amazonense;Parintins
31999;INSTITUTO FEDERAL BAIANO CAMPUS ALAGOINHAS;22-01-2014;Nordeste;BA;Alagoinhas;Nordeste Baiano;Alagoinhas
2946;INSTITUTO FEDERAL BAIANO - CAMPUS CATU;07-01-2009;Nordeste;BA;Catu;Metropolitana de Salvador;Catu
20101;INSTITUTO FEDERAL DA BAHIA - CAMPUS JACOBINA;29-12-2009;Nordeste;BA;Jacobina;Centro Norte Baiano;Jacobina
2880;INSTITUTO FEDERAL DA BAHIA - CAMPUS PORTO SEGURO;07-01-2009;Nordeste;BA;Porto Seguro;Sul Baiano;Porto Seguro
14548;INSTITUTO FEDERAL DE ALAGOAS - CAMPUS PENEDO;06-07-2010;Nordeste;AL;Penedo;Leste Alagoano;Penedo
32230;INSTITUTO FEDERAL GOIANO CAMPUS POSSE;29-12-2008;Centro-Oeste;GO;Posse;Leste Goiano;Vão do Paranã
3509;INSTITUTO FEDERAL DE GOIÁS - CAMPUS URUAÇU;28-12-2008;Centro-Oeste;GO;Uruaçu;Norte Goiano;Porangatu
2907;INSTITUTO FEDERAL DO MARANHÃO - CAMPUS SÃO RAIMUNDO DAS MANGABEIRAS;07-01-2009;Nordeste;MA;São Raimundo das Mangabeiras;Sul Maranhense;Chapadas das Mangabeiras
2863;INSTITUTO FEDERAL DA BAHIA - CAMPUS SIMÕES FILHO;07-01-2009;Nordeste;BA;Simões Filho;Metropolitana de Salvador;Salvador
2951;INSTITUTO FEDERAL BAIANO - CAMPUS URUÇUCA;07-01-2009;Nordeste;BA;Uruçuca;Sul Baiano;Ilhéus-Itabuna
20435;INSTITUTO FEDERAL DO CEARÁ - CAMPUS CAUCAIA;29-12-2008;Nordeste;CE;Caucaia;Metropolitana de Fortaleza;Fortaleza
42049;INSTITUTO FEDERAL DO CEARÁ CAMPUS AVANÇADO GUARAMIRANGA;31-12-2013;Nordeste;CE;Guaramiranga;Norte Cearense;Baturité
20568;INSTITUTO FEDERAL DE BRASÍLIA - CAMPUS RIACHO FUNDO;15-07-2011;Centro-Oeste;DF;Brasília;Distrito Federal;Brasília
3519;INSTITUTO FEDERAL DO ESPÍRITO SANTO - CAMPUS ARACRUZ;10-06-2008;Sudeste;ES;Aracruz;Litoral Norte Espírito-santense;Linhares
3521;INSTITUTO FEDERAL DO ESPÍRITO SANTO - CAMPUS LINHARES;10-06-2008;Sudeste;ES;Linhares;Litoral Norte Espírito-santense;Linhares
22587;INSTITUTO FEDERAL DO ESPÍRITO SANTO - CAMPUS MONTANHA;30-12-2008;Sudeste;ES;Montanha;Litoral Norte Espírito-santense;Montanha
13839;INSTITUTO FEDERAL DO ESPÍRITO SANTO - CAMPUS PIÚMA;07-01-2009;Sudeste;ES;Piúma;Central Espírito-santense;Guarapari
13791;INSTITUTO FEDERAL DE GOIÁS - CAMPUS ANÁPOLIS;28-02-2012;Centro-Oeste;GO;Anápolis;Centro Goiano;Anápolis
13793;INSTITUTO FEDERAL DE GOIÁS - CAMPUS FORMOSA;28-10-2008;Centro-Oeste;GO;Formosa;Leste Goiano;Entorno de Brasília
32228;INSTITUTO FEDERAL GOIANO CAMPUS AVANÇADO HIDROLÂNDIA;30-12-2013;Centro-Oeste;GO;Hidrolândia;Centro Goiano;Goiânia
3000;INSTITUTO FEDERAL DO SUL DE MINAS GERAIS - CAMPUS MUZAMBINHO;07-01-2009;Sudeste;MG;Muzambinho;Sul/Sudoeste de Minas;São Sebastião do Paraíso
3046;CENTRO FEDERAL DE EDUCAÇÃO TECNOLÓGICA DE MINAS GERAIS - UNED NEPOMUCENO;07-01-2009;Sudeste;MG;Nepomuceno;Campo das Vertentes;Lavras
14172;INSTITUTO FEDERAL DO NORTE DE MINAS GERAIS - CAMPUS PIRAPORA;07-01-2009;Sudeste;MG;Pirapora;Norte de Minas;Pirapora
2957;INSTITUTO FEDERAL DO SUDESTE DE MINAS GERAIS - CAMPUS BARBACENA;07-01-2009;Sudeste;MG;Barbacena;Campo das Vertentes;Barbacena
2994;INSTITUTO FEDERAL DE MINAS GERAIS - CAMPUS CONGONHAS;07-01-2009;Sudeste;MG;Congonhas;Metropolitana de Belo Horizonte;Conselheiro Lafaiete
42109;INSTITUTO FEDERAL DE MINAS GERAIS CAMPUS AVANÇADO IPATINGA;30-12-2013;Sudeste;MG;Ipatinga;Vale do Rio Doce;Ipatinga
534;UNIVERSIDADE FEDERAL DE CAMPINA GRANDE - ESCOLA TÉCNICA DE SAÚDE DE CAJAZEIRAS DA UFCG;15-12-1996;Nordeste;PB;Cajazeiras;Sertão Paraibano;Cajazeiras
2813;INSTITUTO FEDERAL DA PARAÍBA - CAMPUS CAMPINA GRANDE;07-01-2009;Nordeste;PB;Campina Grande;Agreste Paraibano;Campina Grande
14106;INSTITUTO FEDERAL DE PERNAMBUCO - CAMPUS AFOGADOS DA INGAZEIRA;07-01-2009;Nordeste;PE;Afogados da Ingazeira;Sertão Pernambucano;Pajeú
2857;INSTITUTO FEDERAL DE PERNAMBUCO - CAMPUS BARREIROS;07-01-2009;Nordeste;PE;Barreiros;Mata Pernambucana;Mata Meridional Pernambucana
3045;CENTRO FEDERAL DE EDUCAÇÃO TECNOLÓGICA DE MINAS GERAIS - UNED TIMÓTEO;07-01-2009;Sudeste;MG;Timóteo;Vale do Rio Doce;Ipatinga
3044;CENTRO FEDERAL DE EDUCAÇÃO TECNOLÓGICA DE MINAS GERAIS - UNED VARGINHA;07-01-2009;Sudeste;MG;Varginha;Sul/Sudoeste de Minas;Varginha
21449;UNIVERSIDADE FEDERAL DO MATO GROSSO DO SUL CENTRO DE CAPACITAÇÃO EM SAÚDE E AMBIENTE ;19-09-2003;Centro-Oeste;MS;Campo Grande;Centro Norte de Mato Grosso do Sul;Campo Grande
13891;INSTITUTO FEDERAL DO MATO GROSSO DO SUL - CAMPUS TRÊS LAGOAS;08-07-2010;Centro-Oeste;MS;Três Lagoas;Leste de Mato Grosso do Sul;Três Lagoas
3483;INSTITUTO FEDERAL DE MATO GROSSO - CAMPUS CAMPO NOVO DO PARECIS;07-01-2009;Centro-Oeste;MT;Campo Novo do Parecis;Norte Mato-grossense;Parecis
13780;INSTITUTO FEDERAL DO PARANÁ - CAMPUS IRATI;28-12-2008;Sul;PR;Irati;Sudeste Paranaense;Irati
13772;INSTITUTO FEDERAL DO PARANÁ - CAMPUS JACAREZINHO;28-12-2008;Sul;PR;Jacarezinho;Norte Pioneiro Paranaense;Jacarezinho
23464;INSTITUTO FEDERAL DO PARANÁ CAMPUS PITANGA;18-06-2012;Sul;PR;Pitanga;Centro-Sul Paranaense;Pitanga
32364;INSTITUTO FEDERAL DE PERNAMBUCO - CAMPUS IGARASSU;22-01-2014;Nordeste;PE;Igarassu;Metropolitana de Recife;Itamaracá
2873;INSTITUTO FEDERAL DO SERTÃO PERNAMBUCANO - CAMPUS PETROLINA;07-01-2009;Nordeste;PE;Petrolina;São Francisco Pernambucano;Petrolina
31992;INSTITUTO FEDERAL DO PIAUÍ - CAMPUS COCAL;22-01-2014;Nordeste;PI;Cocal;Norte Piauiense;Litoral Piauiense
13293;INSTITUTO FEDERAL DO PIAUÍ - CAMPUS CORRENTE;07-01-2009;Nordeste;PI;Corrente;Sudoeste Piauiense;Chapadas do Extremo Sul Piauiense
2922;INSTITUTO FEDERAL DO PIAUÍ - CAMPUS PICOS;07-01-2009;Nordeste;PI;Picos;Sudeste Piauiense;Picos
31994;INSTITUTO FEDERAL DO PIAUÍ CAMPUS AVANÇADO PIO IX;22-01-2014;Nordeste;PI;Pio IX;Sudeste Piauiense;Pio IX
31991;INSTITUTO FEDERAL DO PIAUÍ CAMPUS AVANÇADO DIRCEU ARCOVERDE;22-01-2014;Nordeste;PI;Teresina;Centro-Norte Piauiense;Teresina
13800;INSTITUTO FEDERAL DO RIO GRANDE DO SUL - CAMPUS FARROUPILHA;29-12-2008;Sul;RS;Farroupilha;Nordeste Rio-grandense;Caxias do Sul
13799;INSTITUTO FEDERAL DO RIO GRANDE DO SUL - CAMPUS FELIZ;29-12-2008;Sul;RS;Feliz;Metropolitana de Porto Alegre;Montenegro
12748;INSTITUTO FEDERAL FARROUPILHA - CAMPUS FREDERICO WESTPHALEN;23-07-1957;Sul;RS;Frederico Westphalen;Noroeste Rio-grandense;Frederico Westphalen
13798;INSTITUTO FEDERAL DO RIO GRANDE DO SUL - CAMPUS IBIRUBÁ;29-12-2008;Sul;RS;Ibirubá;Noroeste Rio-grandense;Cruz Alta
42048;INSTITUTO FEDERAL SUL-RIO-GRANDENSE - CAMPUS LAJEADO;31-12-2013;Sul;RS;Lajeado;Centro Oriental Rio-grandense;Lajeado-Estrela
20455;INSTITUTO FEDERAL DO RIO GRANDE DO SUL CAMPUS ROLANTE;29-12-2008;Sul;RS;Rolante;Metropolitana de Porto Alegre;Gramado-Canela
23466;INSTITUTO FEDERAL DO PARANÁ CAMPUS UNIÃO DA VITÓRIA;18-06-2012;Sul;PR;União da Vitória;Sudeste Paranaense;União da Vitória
3011;INSTITUTO FEDERAL FLUMINENSE - CAMPUS MACAÉ;07-01-2009;Sudeste;RJ;Macaé;Norte Fluminense;Macaé
3583;CENTRO FEDERAL DE EDUCAÇÃO TECNOLÓGICA CELSO SUCKOW DA FONSECA - UNED NOVA FRIBURGO;09-06-2008;Sudeste;RJ;Nova Friburgo;Centro Fluminense;Nova Friburgo
3006;INSTITUTO FEDERAL DO RIO DE JANEIRO - CAMPUS PINHEIRAL;07-01-2009;Sudeste;RJ;Pinheiral;Sul Fluminense;Vale do Paraíba Fluminense
3064;CENTRO FEDERAL DE EDUCAÇÃO TECNOLÓGICA CELSO SUCKOW DA FONSECA - UNED MARIA DA GRAÇA;07-01-2009;Sudeste;RJ;Rio de Janeiro;Metropolitana do Rio de Janeiro;Rio de Janeiro
20450;CENTRO FEDERAL DE EDUCAÇÃO TECNOLÓGICA CELSO SUCKOW DA FONSECA - UNED VALENÇA;29-12-2008;Sudeste;RJ;Valença;Sul Fluminense;Barra do Piraí
42053;INSTITUTO FEDERAL DO RIO GRANDE DO NORTE CAMPUS AVANÇADO LAJES;31-12-2013;Nordeste;RN;Lajes;Central Potiguar;Angicos
13016;INSTITUTO FEDERAL DO RIO GRANDE DO NORTE - CAMPUS MACAU;28-07-2009;Nordeste;RN;Macau;Central Potiguar;Macau
3633;UNIVERSIDADE FEDERAL DO RIO GRANDE DO NORTE - ESCOLA DE ENFERMAGEM DA UFRN;09-01-1964;Nordeste;RN;Natal;Leste Potiguar;Natal
20414;INSTITUTO FEDERAL DO RIO GRANDE DO NORTE - CAMPUS NOVA CRUZ;29-12-2008;Nordeste;RN;Nova Cruz;Agreste Potiguar;Agreste Potiguar
13768;INSTITUTO FEDERAL DE RONDÔNIA - CAMPUS CACOAL;29-12-2008;Norte;RO;Cacoal;Leste Rondoniense;Cacoal
32051;INSTITUTO FEDERAL DE RONDÔNIA CAMPUS GUAJARÁMIRIM;28-12-2008;Norte;RO;Guajará-Mirim;Madeira-Guaporé;Guajará-Mirim
2812;INSTITUTO FEDERAL DE RORAIMA - CAMPUS NOVO PARAÍSO;18-12-2006;Norte;RR;Caracaraí;Sul de Roraima;Caracaraí
30857;INSTITUTO FEDERAL DE SÃO PAULO CAMPUS CAMPINAS;02-07-2012;Sudeste;SP;Campinas;Campinas;Campinas
2830;INSTITUTO FEDERAL CATARINENSE - CAMPUS CONCÓRDIA;07-01-2009;Sul;SC;Concórdia;Oeste Catarinense;Concórdia
14256;INSTITUTO FEDERAL DE SANTA CATARINA - CAMPUS CRICIÚMA;07-01-2009;Sul;SC;Criciúma;Sul Catarinense;Criciúma
32008;INSTITUTO FEDERAL CATARINENSE CAMPUS AVANÇADO SOMBRIO;22-01-2014;Sul;SC;Sombrio;Sul Catarinense;Araranguá
13699;INSTITUTO FEDERAL CATARINENSE - CAMPUS VIDEIRA;06-01-2010;Sul;SC;Videira;Oeste Catarinense;Joaçaba
14357;INSTITUTO FEDERAL DE SÃO PAULO - CAMPUS PRESIDENTE EPITÁCIO;03-12-2010;Sudeste;SP;Presidente Epitácio;Presidente Prudente;Presidente Prudente
14037;INSTITUTO FEDERAL DE SÃO PAULO - CAMPUS SUZANO;30-12-2008;Sudeste;SP;Suzano;Metropolitana de São Paulo;Mogi das Cruzes
2970;INSTITUTO FEDERAL DO TOCANTINS - CAMPUS PALMAS;06-01-2009;Norte;TO;Palmas;Oriental do Tocantins;Porto Nacional
